Date,Price
4/01/2000,23.95
5/01/2000,23.72
6/01/2000,23.55
7/01/2000,23.35
10/01/2000,22.77
11/01/2000,23.93
12/01/2000,24.62
13/01/2000,24.9
14/01/2000,25.5
17/01/2000,25.99
18/01/2000,26.31
19/01/2000,26.17
20/01/2000,26.26
21/01/2000,27.18
24/01/2000,27.02
25/01/2000,27.24
26/01/2000,27.18
27/01/2000,26.91
28/01/2000,26.59
31/01/2000,27.08
1/02/2000,27.35
2/02/2000,27.15
3/02/2000,27.6
4/02/2000,27.48
7/02/2000,27.94
8/02/2000,27.61
9/02/2000,27.44
10/02/2000,27.32
11/02/2000,27.82
14/02/2000,28.03
15/02/2000,28.12
16/02/2000,28.11
17/02/2000,27.54
18/02/2000,27.26
21/02/2000,26.93
22/02/2000,27.22
23/02/2000,27.92
24/02/2000,28.21
25/02/2000,28.53
28/02/2000,28.7
29/02/2000,29.01
1/03/2000,29.78
2/03/2000,30.12
3/03/2000,29.83
6/03/2000,30.08
7/03/2000,31.93
8/03/2000,31.41
9/03/2000,29.11
10/03/2000,28.97
13/03/2000,29.25
14/03/2000,28.83
15/03/2000,28.03
16/03/2000,27.97
17/03/2000,27.87
20/03/2000,25.59
21/03/2000,24.93
22/03/2000,25.77
23/03/2000,25.32
24/03/2000,25.74
27/03/2000,25.16
28/03/2000,24.8
29/03/2000,23.77
30/03/2000,23.94
31/03/2000,23.98
3/04/2000,24.62
4/04/2000,23.26
5/04/2000,22.98
6/04/2000,22.9
7/04/2000,22.63
10/04/2000,21.08
11/04/2000,21.05
12/04/2000,21.4
13/04/2000,22.65
14/04/2000,22.13
17/04/2000,22.2
18/04/2000,22.67
19/04/2000,23.5
20/04/2000,23.57
25/04/2000,23.36
26/04/2000,22.9
27/04/2000,23.07
28/04/2000,23.79
2/05/2000,24.73
3/05/2000,25.13
4/05/2000,25.06
5/05/2000,24.93
8/05/2000,26.03
9/05/2000,26.69
10/05/2000,26.59
11/05/2000,27.22
12/05/2000,27.98
15/05/2000,28.26
16/05/2000,28.78
17/05/2000,28.4
18/05/2000,28.9
19/05/2000,29.01
22/05/2000,28.45
23/05/2000,28.12
24/05/2000,28.97
25/05/2000,29.62
26/05/2000,30.09
30/05/2000,29.89
31/05/2000,29.64
1/06/2000,29.69
2/06/2000,29.35
5/06/2000,28.27
6/06/2000,28.42
7/06/2000,28.32
8/06/2000,29.34
9/06/2000,29
12/06/2000,30.1
13/06/2000,30.4
14/06/2000,30.12
15/06/2000,29.77
16/06/2000,28.68
19/06/2000,27.69
20/06/2000,28.86
21/06/2000,30.71
22/06/2000,30.61
23/06/2000,31.02
26/06/2000,30.9
27/06/2000,30.47
28/06/2000,31.15
29/06/2000,31.05
30/06/2000,31.58
3/07/2000,32.15
4/07/2000,30.73
5/07/2000,30.35
6/07/2000,30.67
7/07/2000,30.62
10/07/2000,30.58
11/07/2000,29.83
12/07/2000,30.27
13/07/2000,31.15
14/07/2000,30.82
17/07/2000,28.44
18/07/2000,28.46
19/07/2000,28.33
20/07/2000,27.85
21/07/2000,26.68
24/07/2000,26.84
25/07/2000,25.78
26/07/2000,25.92
27/07/2000,25.6
28/07/2000,25.96
31/07/2000,25.3
1/08/2000,25.24
2/08/2000,26.8
3/08/2000,27.04
4/08/2000,28.01
7/08/2000,27.56
8/08/2000,27.58
9/08/2000,28.13
10/08/2000,28.98
11/08/2000,29.44
14/08/2000,29.24
15/08/2000,30
16/08/2000,29.66
17/08/2000,30.71
18/08/2000,30.76
21/08/2000,31.34
22/08/2000,30.18
23/08/2000,32.38
24/08/2000,31.67
25/08/2000,33.26
28/08/2000,33.29
29/08/2000,34.03
30/08/2000,34.13
31/08/2000,35.08
1/09/2000,35.09
4/09/2000,36.02
5/09/2000,35.72
6/09/2000,36.7
7/09/2000,37.43
8/09/2000,36.27
11/09/2000,36.87
12/09/2000,33.3
13/09/2000,31.08
14/09/2000,31.35
15/09/2000,33.68
18/09/2000,34.55
19/09/2000,33.48
20/09/2000,33.67
21/09/2000,32.18
22/09/2000,31.59
25/09/2000,30.01
26/09/2000,29.94
27/09/2000,29.78
28/09/2000,28.91
29/09/2000,28.42
2/10/2000,29.65
3/10/2000,30.64
4/10/2000,30.07
5/10/2000,29.19
6/10/2000,29.62
9/10/2000,29.99
10/10/2000,30.95
11/10/2000,31.25
12/10/2000,33.45
13/10/2000,33.5
16/10/2000,32.03
17/10/2000,30.38
18/10/2000,30.98
19/10/2000,31.29
20/10/2000,30.16
23/10/2000,30.98
24/10/2000,31.81
25/10/2000,31.17
26/10/2000,31.48
27/10/2000,31.31
30/10/2000,31.09
31/10/2000,30.15
1/11/2000,31.62
2/11/2000,30.81
3/11/2000,30.81
6/11/2000,31
7/11/2000,31.59
8/11/2000,31.3
9/11/2000,31.79
10/11/2000,32.26
13/11/2000,32.5
14/11/2000,33.05
15/11/2000,33.82
16/11/2000,34.16
17/11/2000,33.09
20/11/2000,34.23
21/11/2000,33.33
22/11/2000,33.11
23/11/2000,33.29
24/11/2000,33.35
27/11/2000,33.47
28/11/2000,32.59
29/11/2000,32.45
30/11/2000,32.53
1/12/2000,31.59
4/12/2000,30.37
5/12/2000,28.88
6/12/2000,27.47
7/12/2000,27.85
8/12/2000,26.85
11/12/2000,27.28
12/12/2000,26.81
13/12/2000,26.84
14/12/2000,24.32
15/12/2000,24.44
18/12/2000,25.11
19/12/2000,24.36
20/12/2000,23.29
21/12/2000,22.4
22/12/2000,22.23
27/12/2000,22.58
28/12/2000,22.29
29/12/2000,22.58
2/01/2001,23.43
3/01/2001,23.44
4/01/2001,24.57
5/01/2001,24.77
8/01/2001,24.75
9/01/2001,24.13
10/01/2001,24.98
11/01/2001,25.6
12/01/2001,25.63
15/01/2001,26.03
16/01/2001,25.52
17/01/2001,24.27
18/01/2001,24.74
19/01/2001,26.29
22/01/2001,27.69
23/01/2001,27.02
24/01/2001,27.04
25/01/2001,26.94
26/01/2001,27.04
29/01/2001,26.95
30/01/2001,26.32
31/01/2001,26.59
1/02/2001,27.17
2/02/2001,28.9
5/02/2001,29.25
6/02/2001,29.1
7/02/2001,29.54
8/02/2001,30.68
9/02/2001,29.53
12/02/2001,29.32
13/02/2001,28
14/02/2001,27.89
15/02/2001,26.33
16/02/2001,26.61
19/02/2001,27.05
20/02/2001,26.45
21/02/2001,26.1
22/02/2001,25.75
23/02/2001,26.12
26/02/2001,25.84
27/02/2001,25.28
28/02/2001,25.16
1/03/2001,24.76
2/03/2001,25.28
5/03/2001,25.98
6/03/2001,25.59
7/03/2001,25.91
8/03/2001,26.37
9/03/2001,25.78
12/03/2001,25.34
13/03/2001,24.8
14/03/2001,24.31
15/03/2001,23.37
16/03/2001,23.84
19/03/2001,23.19
20/03/2001,23.63
21/03/2001,23.21
22/03/2001,23.45
23/03/2001,23.94
26/03/2001,24.01
27/03/2001,24.41
28/03/2001,24.5
29/03/2001,23.77
30/03/2001,23.5
2/04/2001,23.31
3/04/2001,23.47
4/04/2001,24.35
5/04/2001,24.87
6/04/2001,24.02
9/04/2001,24.37
10/04/2001,25.64
11/04/2001,26.08
12/04/2001,27.12
13/04/2001,26.8
16/04/2001,26.8
17/04/2001,26.99
18/04/2001,26.11
19/04/2001,25.86
20/04/2001,25.57
23/04/2001,25.42
24/04/2001,25.76
25/04/2001,25.49
26/04/2001,26.71
27/04/2001,26.85
30/04/2001,27.21
1/05/2001,27.31
2/05/2001,26.82
3/05/2001,27.46
4/05/2001,27.59
7/05/2001,27.71
8/05/2001,27.45
9/05/2001,27.46
10/05/2001,28.27
11/05/2001,27.97
14/05/2001,27.77
15/05/2001,27.88
16/05/2001,28.19
17/05/2001,28.57
18/05/2001,29.3
21/05/2001,29.8
22/05/2001,29.72
23/05/2001,29.51
24/05/2001,28.85
25/05/2001,28.69
29/05/2001,29.11
30/05/2001,28.92
31/05/2001,28.55
1/06/2001,28.86
4/06/2001,28.95
5/06/2001,29.25
6/06/2001,28.73
7/06/2001,28.55
8/06/2001,28.88
11/06/2001,29.57
12/06/2001,29.03
13/06/2001,29.13
14/06/2001,28.5
15/06/2001,28.13
18/06/2001,27.61
19/06/2001,26.68
20/06/2001,26.24
21/06/2001,26.7
22/06/2001,26.86
25/06/2001,27.36
26/06/2001,27.66
27/06/2001,26.25
28/06/2001,25.68
29/06/2001,26.21
2/07/2001,25.73
3/07/2001,25.56
4/07/2001,25.97
5/07/2001,25.69
6/07/2001,26.55
9/07/2001,25.59
10/07/2001,24.69
11/07/2001,24.44
12/07/2001,23.62
13/07/2001,24.02
16/07/2001,23.58
17/07/2001,23.9
18/07/2001,23.1
19/07/2001,23.35
20/07/2001,23.43
23/07/2001,24.44
24/07/2001,24.37
25/07/2001,24.9
26/07/2001,24.94
27/07/2001,24.82
30/07/2001,24.46
31/07/2001,24.35
1/08/2001,24.23
2/08/2001,25.49
3/08/2001,25.6
6/08/2001,25.39
7/08/2001,25.94
8/08/2001,25.61
9/08/2001,25.28
10/08/2001,25.78
13/08/2001,25.88
14/08/2001,25.71
15/08/2001,25.61
16/08/2001,25.18
17/08/2001,24.68
20/08/2001,24.35
21/08/2001,25.36
22/08/2001,25.71
23/08/2001,25.66
24/08/2001,26.33
27/08/2001,26.22
28/08/2001,26.46
29/08/2001,26.67
30/08/2001,26.7
31/08/2001,26.8
3/09/2001,26.52
4/09/2001,26.27
5/09/2001,26.27
6/09/2001,26.61
7/09/2001,27.54
10/09/2001,27.59
11/09/2001,29.12
12/09/2001,28.24
13/09/2001,28.2
14/09/2001,29.22
17/09/2001,28.32
18/09/2001,27.54
19/09/2001,25.44
20/09/2001,25.57
21/09/2001,25.17
24/09/2001,20.63
25/09/2001,20.13
26/09/2001,20.67
27/09/2001,21.47
28/09/2001,21.87
1/10/2001,21.22
2/10/2001,21.29
3/10/2001,20.63
4/10/2001,20.94
5/10/2001,21.46
8/10/2001,20.91
9/10/2001,20.65
10/10/2001,21.02
11/10/2001,21.38
12/10/2001,20.57
15/10/2001,20.36
16/10/2001,20.47
17/10/2001,19.47
18/10/2001,19.21
19/10/2001,19.91
22/10/2001,20.38
23/10/2001,20.56
24/10/2001,20.37
25/10/2001,20.67
26/10/2001,20.31
29/10/2001,20.55
30/10/2001,20.41
31/10/2001,19.63
1/11/2001,19.39
2/11/2001,18.63
5/11/2001,18.78
6/11/2001,18.64
7/11/2001,18.86
8/11/2001,19.54
9/11/2001,20.72
12/11/2001,19.48
13/11/2001,20.47
14/11/2001,18.78
15/11/2001,16.51
16/11/2001,16.86
19/11/2001,16.55
20/11/2001,18.82
21/11/2001,18.44
22/11/2001,19.65
23/11/2001,19.4
26/11/2001,18.66
27/11/2001,19.09
28/11/2001,18.81
29/11/2001,18.54
30/11/2001,18.92
3/12/2001,20
4/12/2001,19.28
5/12/2001,19.27
6/12/2001,18.57
7/12/2001,17.81
10/12/2001,18.03
11/12/2001,17.61
12/12/2001,18.13
13/12/2001,17.8
14/12/2001,18.54
17/12/2001,18.58
18/12/2001,18.51
19/12/2001,19.03
20/12/2001,18.87
21/12/2001,18.73
24/12/2001,18.65
27/12/2001,18.87
28/12/2001,19.77
31/12/2001,19.35
2/01/2002,20.13
3/01/2002,20.47
4/01/2002,21.2
7/01/2002,21.08
8/01/2002,21.03
9/01/2002,20.21
10/01/2002,19.71
11/01/2002,20.08
14/01/2002,18.89
15/01/2002,18.86
16/01/2002,18.5
17/01/2002,18.2
18/01/2002,18.17
21/01/2002,18.32
22/01/2002,18.7
23/01/2002,18.89
24/01/2002,18.91
25/01/2002,19.04
28/01/2002,19.74
29/01/2002,19.26
30/01/2002,18.71
31/01/2002,19.07
1/02/2002,19.7
4/02/2002,20.26
5/02/2002,19.9
6/02/2002,19.97
7/02/2002,19.42
8/02/2002,20.01
11/02/2002,20.08
12/02/2002,21.75
13/02/2002,21.41
14/02/2002,20.97
15/02/2002,20.76
18/02/2002,20.12
19/02/2002,20.18
20/02/2002,19.44
21/02/2002,20.21
22/02/2002,20.14
25/02/2002,19.78
26/02/2002,19.95
27/02/2002,20.73
28/02/2002,20.73
1/03/2002,21.83
4/03/2002,21.59
5/03/2002,22.25
6/03/2002,22.11
7/03/2002,23.1
8/03/2002,22.32
11/03/2002,23.14
12/03/2002,22.7
13/03/2002,23.6
14/03/2002,23.76
15/03/2002,23.9
18/03/2002,23.8
19/03/2002,24.51
20/03/2002,24.78
21/03/2002,24.25
22/03/2002,24.83
25/03/2002,24.75
26/03/2002,24.6
27/03/2002,25.13
28/03/2002,25.34
29/03/2002,25.34
1/04/2002,26.06
2/04/2002,26.97
3/04/2002,26.72
4/04/2002,26.97
5/04/2002,25.39
8/04/2002,26.36
9/04/2002,25.48
10/04/2002,25.13
11/04/2002,24.22
12/04/2002,23.25
15/04/2002,23.39
16/04/2002,24.03
17/04/2002,25.26
18/04/2002,25.9
19/04/2002,25.86
22/04/2002,25.96
23/04/2002,26.26
24/04/2002,26.2
25/04/2002,26.47
26/04/2002,26.32
29/04/2002,26.85
30/04/2002,26.98
1/05/2002,26.67
2/05/2002,25.73
3/05/2002,25.8
7/05/2002,25.53
8/05/2002,26.09
9/05/2002,26.09
10/05/2002,26.89
13/05/2002,26.3
14/05/2002,27.12
15/05/2002,27.17
16/05/2002,25.71
17/05/2002,25.45
20/05/2002,25.97
21/05/2002,24.99
22/05/2002,24.32
23/05/2002,24.01
24/05/2002,23.76
27/05/2002,23.52
28/05/2002,24.71
29/05/2002,24.18
30/05/2002,23.72
31/05/2002,23.87
5/06/2002,23.19
6/06/2002,22.79
7/06/2002,22.99
10/06/2002,22.83
11/06/2002,22.37
12/06/2002,23.09
13/06/2002,23.72
14/06/2002,23.97
17/06/2002,24.69
18/06/2002,24.64
19/06/2002,24.85
20/06/2002,24.42
21/06/2002,24.14
24/06/2002,24.99
25/06/2002,25.32
26/06/2002,24.75
27/06/2002,25.39
28/06/2002,25.33
1/07/2002,25.65
2/07/2002,25.64
3/07/2002,25.59
4/07/2002,25.51
5/07/2002,25.75
8/07/2002,25.08
9/07/2002,24.9
10/07/2002,25.82
11/07/2002,25.83
12/07/2002,26.11
15/07/2002,26.16
16/07/2002,25.94
17/07/2002,26.19
18/07/2002,26.72
19/07/2002,26.37
22/07/2002,25.7
23/07/2002,25.65
24/07/2002,25.43
25/07/2002,25.36
26/07/2002,25.1
29/07/2002,25.2
30/07/2002,25.95
31/07/2002,26.28
1/08/2002,25.79
2/08/2002,25.17
5/08/2002,25.2
6/08/2002,25.69
7/08/2002,25.7
8/08/2002,25.51
9/08/2002,25.49
12/08/2002,25.63
13/08/2002,26.11
14/08/2002,26.47
15/08/2002,26.66
16/08/2002,27.33
19/08/2002,27.44
20/08/2002,27.63
21/08/2002,27.53
22/08/2002,27.81
23/08/2002,27.51
26/08/2002,27.56
27/08/2002,27.89
28/08/2002,27.54
29/08/2002,27.11
30/08/2002,27.56
2/09/2002,27.45
3/09/2002,26.58
4/09/2002,27.31
5/09/2002,27.54
6/09/2002,28.36
9/09/2002,28.67
10/09/2002,28.92
11/09/2002,28.68
12/09/2002,27.76
13/09/2002,28.53
16/09/2002,28.38
17/09/2002,27.76
18/09/2002,28.41
19/09/2002,28.45
20/09/2002,28.61
23/09/2002,29.36
24/09/2002,29.47
25/09/2002,29.11
26/09/2002,28.93
27/09/2002,29
30/09/2002,29.11
1/10/2002,29.42
2/10/2002,29.14
3/10/2002,28.46
4/10/2002,28.32
7/10/2002,28.38
8/10/2002,28.28
9/10/2002,28.29
10/10/2002,27.7
11/10/2002,28.18
14/10/2002,28.56
15/10/2002,28.66
16/10/2002,28.61
17/10/2002,28.22
18/10/2002,28.2
21/10/2002,27.01
22/10/2002,26.69
23/10/2002,26.68
24/10/2002,26.78
25/10/2002,25.96
28/10/2002,25.44
29/10/2002,25.71
30/10/2002,25.29
31/10/2002,25.51
1/11/2002,25.78
4/11/2002,25.21
5/11/2002,24.66
6/11/2002,23.73
7/11/2002,24.36
8/11/2002,23.54
11/11/2002,23.86
12/11/2002,24.01
13/11/2002,22.96
14/11/2002,22.82
15/11/2002,23.33
18/11/2002,23.41
19/11/2002,24.05
20/11/2002,24.05
21/11/2002,24.52
22/11/2002,24.79
25/11/2002,24.85
26/11/2002,24.56
27/11/2002,25.11
28/11/2002,25.7
29/11/2002,25.74
2/12/2002,25.73
3/12/2002,26.09
4/12/2002,25.99
5/12/2002,26.07
6/12/2002,25.67
9/12/2002,26.06
10/12/2002,26.35
11/12/2002,26.85
12/12/2002,27.29
13/12/2002,27.64
16/12/2002,28.73
17/12/2002,29.25
18/12/2002,29.95
19/12/2002,30.26
20/12/2002,29.59
23/12/2002,30.61
24/12/2002,30.93
27/12/2002,31.49
30/12/2002,32.02
31/12/2002,30.12
2/01/2003,30.32
3/01/2003,31.43
6/01/2003,31.43
7/01/2003,30.78
8/01/2003,29.3
9/01/2003,30.26
10/01/2003,30.07
13/01/2003,30.46
14/01/2003,31.36
15/01/2003,31.73
16/01/2003,32.29
17/01/2003,31.57
20/01/2003,32.23
21/01/2003,31.72
22/01/2003,32.07
23/01/2003,31.4
24/01/2003,31.62
27/01/2003,31.02
28/01/2003,30.73
29/01/2003,31.26
30/01/2003,31.42
31/01/2003,31.57
3/02/2003,30.95
4/02/2003,31.13
5/02/2003,31.77
6/02/2003,31.81
7/02/2003,32.23
10/02/2003,32.47
11/02/2003,32.51
12/02/2003,32.46
13/02/2003,33.23
14/02/2003,33.26
17/02/2003,33.06
18/02/2003,33.26
19/02/2003,33.16
20/02/2003,32.76
21/02/2003,32.76
24/02/2003,33.41
25/02/2003,33.64
26/02/2003,33.46
27/02/2003,34.09
28/02/2003,34
3/03/2003,33.4
4/03/2003,34.37
5/03/2003,33.92
6/03/2003,34.39
7/03/2003,34.47
10/03/2003,34.94
11/03/2003,34.06
12/03/2003,34.16
13/03/2003,33.98
14/03/2003,31.48
17/03/2003,30.35
18/03/2003,28.55
19/03/2003,28.4
20/03/2003,28
21/03/2003,25.59
24/03/2003,26.54
25/03/2003,27.28
26/03/2003,25.98
27/03/2003,27.29
28/03/2003,27.66
31/03/2003,28.05
1/04/2003,27.94
2/04/2003,26.29
3/04/2003,26.75
4/04/2003,25.62
7/04/2003,25.27
8/04/2003,24.88
9/04/2003,25.11
10/04/2003,25.16
11/04/2003,24.39
14/04/2003,24.72
15/04/2003,24.74
16/04/2003,24.86
17/04/2003,25.36
18/04/2003,25.76
21/04/2003,25.76
22/04/2003,25.72
23/04/2003,24.56
24/04/2003,24.06
25/04/2003,24.29
28/04/2003,23.42
29/04/2003,23.23
30/04/2003,23.6
1/05/2003,23.79
2/05/2003,23.73
5/05/2003,23.59
6/05/2003,23.91
7/05/2003,24.01
8/05/2003,24.48
9/05/2003,25.55
12/05/2003,25.69
13/05/2003,25.45
14/05/2003,25.98
15/05/2003,26.77
16/05/2003,27.18
19/05/2003,27.23
20/05/2003,26.69
21/05/2003,27.58
22/05/2003,27.32
23/05/2003,27.14
26/05/2003,26.78
27/05/2003,26.55
28/05/2003,26.48
29/05/2003,26.39
30/05/2003,26.58
2/06/2003,27.56
3/06/2003,27.99
4/06/2003,27.49
5/06/2003,28.16
6/06/2003,28.38
9/06/2003,28.62
10/06/2003,28.44
11/06/2003,28.97
12/06/2003,28.48
13/06/2003,27.39
16/06/2003,27.5
17/06/2003,27.14
18/06/2003,26.43
19/06/2003,26.21
20/06/2003,27.13
23/06/2003,27.13
24/06/2003,26.96
25/06/2003,27.34
26/06/2003,27.06
27/06/2003,27.45
30/06/2003,28.88
1/07/2003,28.33
2/07/2003,28.2
3/07/2003,28.63
4/07/2003,27.97
7/07/2003,27.23
8/07/2003,27.95
9/07/2003,28.21
10/07/2003,29.37
11/07/2003,29.36
14/07/2003,28.52
15/07/2003,28.87
16/07/2003,28.51
17/07/2003,28.59
18/07/2003,29.2
21/07/2003,28.01
22/07/2003,28.4
23/07/2003,27.67
24/07/2003,27.73
25/07/2003,28.3
28/07/2003,27.71
29/07/2003,28.27
30/07/2003,28.31
31/07/2003,28.68
1/08/2003,29.63
4/08/2003,29.91
5/08/2003,30.37
6/08/2003,30.01
7/08/2003,30.06
8/08/2003,30.59
11/08/2003,30.05
12/08/2003,30.13
13/08/2003,29.66
14/08/2003,28.96
15/08/2003,29.18
18/08/2003,29.88
19/08/2003,29.18
20/08/2003,29.28
21/08/2003,29.95
22/08/2003,30.22
25/08/2003,29.98
26/08/2003,30.08
27/08/2003,30.05
28/08/2003,30.1
29/08/2003,30.38
1/09/2003,29.64
2/09/2003,28.08
3/09/2003,27.89
4/09/2003,27.49
5/09/2003,27.72
8/09/2003,28.47
9/09/2003,27.64
10/09/2003,27.76
11/09/2003,27.48
12/09/2003,26.52
15/09/2003,26.38
16/09/2003,26.28
17/09/2003,25.76
18/09/2003,25.56
19/09/2003,25.51
22/09/2003,25.82
23/09/2003,25.74
24/09/2003,26.81
25/09/2003,27.04
26/09/2003,27.02
29/09/2003,27.77
30/09/2003,28.09
1/10/2003,27.98
2/10/2003,28.9
3/10/2003,29.14
6/10/2003,29.75
7/10/2003,29.35
8/10/2003,28.96
9/10/2003,30.21
10/10/2003,31.13
13/10/2003,31
14/10/2003,31.45
15/10/2003,31.23
16/10/2003,31.05
17/10/2003,30.27
20/10/2003,29.78
21/10/2003,29.61
22/10/2003,29.25
23/10/2003,29.63
24/10/2003,30.01
27/10/2003,29.38
28/10/2003,28.99
29/10/2003,28.56
30/10/2003,27.47
31/10/2003,27.88
3/11/2003,27.78
4/11/2003,27.32
5/11/2003,27.9
6/11/2003,28.52
7/11/2003,28.73
10/11/2003,28.82
11/11/2003,28.88
12/11/2003,28.58
13/11/2003,29.01
14/11/2003,29.78
17/11/2003,28.98
18/11/2003,29.26
19/11/2003,30.13
20/11/2003,29.88
21/11/2003,29.79
24/11/2003,27.99
25/11/2003,27.62
26/11/2003,28.23
27/11/2003,28.9
28/11/2003,28.95
1/12/2003,28.17
2/12/2003,29.1
3/12/2003,29.26
4/12/2003,29.25
5/12/2003,28.87
8/12/2003,30.52
9/12/2003,30.27
10/12/2003,30.02
11/12/2003,29.79
12/12/2003,30.24
15/12/2003,30.89
16/12/2003,30.64
17/12/2003,31.01
18/12/2003,30.79
19/12/2003,31.03
22/12/2003,28.78
23/12/2003,28.3
24/12/2003,29.45
29/12/2003,29.17
30/12/2003,30.1
31/12/2003,30.3
2/01/2004,29.55
5/01/2004,32.3
6/01/2004,31.2
7/01/2004,30.99
8/01/2004,31.11
9/01/2004,31.91
12/01/2004,31.41
13/01/2004,32.55
14/01/2004,31.84
15/01/2004,31.43
16/01/2004,31.26
19/01/2004,31.67
20/01/2004,32.26
21/01/2004,31.95
22/01/2004,31.42
23/01/2004,32.08
26/01/2004,31.15
27/01/2004,31.05
28/01/2004,30.77
29/01/2004,29.47
30/01/2004,29.53
2/02/2004,30.3
3/02/2004,30.07
4/02/2004,29.63
5/02/2004,29.02
6/02/2004,29.26
9/02/2004,29.1
10/02/2004,30.06
11/02/2004,30.33
12/02/2004,30.17
13/02/2004,30.96
16/02/2004,31.08
17/02/2004,31.43
18/02/2004,31.57
19/02/2004,31.63
20/02/2004,31.22
23/02/2004,31.89
24/02/2004,31.6
25/02/2004,32.46
26/02/2004,32.45
27/02/2004,32.94
1/03/2004,33.34
2/03/2004,34.15
3/03/2004,33.32
4/03/2004,33.45
5/03/2004,34.4
8/03/2004,34.27
9/03/2004,33.72
10/03/2004,32.83
11/03/2004,33.22
12/03/2004,32.76
15/03/2004,34.39
16/03/2004,34.72
17/03/2004,34.95
18/03/2004,34.43
19/03/2004,34.33
22/03/2004,33.57
23/03/2004,34.4
24/03/2004,34.14
25/03/2004,33.32
26/03/2004,32.51
29/03/2004,32.04
30/03/2004,33.04
31/03/2004,32.29
1/04/2004,32.59
2/04/2004,31.19
5/04/2004,31.17
6/04/2004,31.48
7/04/2004,33.07
8/04/2004,33.98
9/04/2004,34.03
12/04/2004,34.51
13/04/2004,34.15
14/04/2004,33.54
15/04/2004,33.72
16/04/2004,33.85
19/04/2004,34.71
20/04/2004,33.56
21/04/2004,33.23
22/04/2004,33.24
23/04/2004,33.78
26/04/2004,34.18
27/04/2004,34.11
28/04/2004,35.02
29/04/2004,34.66
30/04/2004,35.23
3/05/2004,34.97
4/05/2004,36.07
5/05/2004,36.58
6/05/2004,37.05
7/05/2004,37.25
10/05/2004,35.83
11/05/2004,36.97
12/05/2004,37.95
13/05/2004,38.3
14/05/2004,39.04
17/05/2004,38.88
18/05/2004,38.43
19/05/2004,38.35
20/05/2004,38.89
21/05/2004,37.6
24/05/2004,39.22
25/05/2004,38.46
26/05/2004,38.05
27/05/2004,37.03
28/05/2004,37
31/05/2004,37
1/06/2004,39.05
2/06/2004,37.99
3/06/2004,36.26
4/06/2004,35.97
7/06/2004,35.57
8/06/2004,35.47
9/06/2004,34.69
10/06/2004,35.75
11/06/2004,35.23
14/06/2004,35.22
15/06/2004,34.66
16/06/2004,34.56
17/06/2004,35.58
18/06/2004,35.43
21/06/2004,34.82
22/06/2004,34.95
23/06/2004,34.81
24/06/2004,34.71
25/06/2004,34.25
28/06/2004,33.24
29/06/2004,32.61
30/06/2004,33.22
1/07/2004,35.58
2/07/2004,35.36
5/07/2004,35.73
6/07/2004,36.47
7/07/2004,35.62
8/07/2004,37.13
9/07/2004,37.58
12/07/2004,37.73
13/07/2004,36.68
14/07/2004,37.51
15/07/2004,38.41
16/07/2004,38.49
19/07/2004,39.07
20/07/2004,38.96
21/07/2004,38.48
22/07/2004,39.16
23/07/2004,39.59
26/07/2004,39.75
27/07/2004,40.09
28/07/2004,41.08
29/07/2004,40.93
30/07/2004,41.47
2/08/2004,41.35
3/08/2004,41.82
4/08/2004,41.75
5/08/2004,42.49
6/08/2004,42.63
9/08/2004,43.21
10/08/2004,42.5
11/08/2004,42.45
12/08/2004,43.5
13/08/2004,44.13
16/08/2004,44.35
17/08/2004,44.05
18/08/2004,44.12
19/08/2004,44.84
20/08/2004,45.46
23/08/2004,44.39
24/08/2004,42.99
25/08/2004,42.39
26/08/2004,40.65
27/08/2004,40.72
30/08/2004,40.78
31/08/2004,39.8
1/09/2004,40.96
2/09/2004,42.39
3/09/2004,41.07
6/09/2004,40.4
7/09/2004,40.19
8/09/2004,39.91
9/09/2004,41.45
10/09/2004,41.03
13/09/2004,40.63
14/09/2004,41.34
15/09/2004,42.03
16/09/2004,40.68
17/09/2004,43.08
20/09/2004,43.6
21/09/2004,44.56
22/09/2004,45.66
23/09/2004,46.53
24/09/2004,46.13
27/09/2004,46.87
28/09/2004,47.52
29/09/2004,46.54
30/09/2004,47.76
1/10/2004,46.86
4/10/2004,46.99
5/10/2004,47.1
6/10/2004,47.95
7/10/2004,48.98
8/10/2004,49.41
11/10/2004,50.75
12/10/2004,51.28
13/10/2004,50.42
14/10/2004,51.31
15/10/2004,51.02
18/10/2004,49.16
19/10/2004,49.21
20/10/2004,50.78
21/10/2004,51.06
22/10/2004,52.28
25/10/2004,51.68
26/10/2004,52.04
27/10/2004,49.99
28/10/2004,48.88
29/10/2004,48.16
1/11/2004,46.84
2/11/2004,46.25
3/11/2004,46.14
4/11/2004,45.32
5/11/2004,44.37
8/11/2004,44.78
9/11/2004,43.27
10/11/2004,42.57
11/11/2004,42.22
12/11/2004,41.33
15/11/2004,39.32
16/11/2004,40.48
17/11/2004,40.27
18/11/2004,40.8
19/11/2004,42.29
22/11/2004,42.26
23/11/2004,43.03
24/11/2004,42.62
25/11/2004,43.12
26/11/2004,42.87
29/11/2004,44.05
30/11/2004,44.23
1/12/2004,41.19
2/12/2004,38.49
3/12/2004,38.57
6/12/2004,38.43
7/12/2004,37.11
8/12/2004,36.9
9/12/2004,38.33
10/12/2004,37.24
13/12/2004,36.77
14/12/2004,37.03
15/12/2004,41.53
16/12/2004,41.49
17/12/2004,43.06
20/12/2004,42.67
21/12/2004,42.76
22/12/2004,40.44
23/12/2004,40.29
24/12/2004,39.6
27/12/2004,39.6
28/12/2004,40.24
29/12/2004,38.93
30/12/2004,39.8
31/12/2004,40.38
4/01/2005,40.75
5/01/2005,41
6/01/2005,43.25
7/01/2005,43.28
10/01/2005,44.71
11/01/2005,43.45
12/01/2005,43.75
13/01/2005,45.76
14/01/2005,45.26
17/01/2005,45.1
18/01/2005,45.18
19/01/2005,45.16
20/01/2005,44.06
21/01/2005,45.88
24/01/2005,45.74
25/01/2005,46.14
26/01/2005,45.94
27/01/2005,46.51
28/01/2005,44.75
31/01/2005,44.51
1/02/2005,45.12
2/02/2005,44.17
3/02/2005,43.13
4/02/2005,43.26
7/02/2005,42.7
8/02/2005,42.79
9/02/2005,42.49
10/02/2005,44.04
11/02/2005,44.41
14/02/2005,44.51
15/02/2005,44.91
16/02/2005,45.42
17/02/2005,45.42
18/02/2005,45.86
21/02/2005,46.09
22/02/2005,47.6
23/02/2005,48.16
24/02/2005,49.24
25/02/2005,50.05
28/02/2005,50.13
1/03/2005,50.47
2/03/2005,51.05
3/03/2005,52.89
4/03/2005,52.1
7/03/2005,51.87
8/03/2005,53.29
9/03/2005,54.11
10/03/2005,53.04
11/03/2005,53.15
14/03/2005,53.68
15/03/2005,53.97
16/03/2005,54.61
17/03/2005,56.03
18/03/2005,55.97
21/03/2005,55.79
22/03/2005,55.39
23/03/2005,51.52
24/03/2005,52.35
28/03/2005,51.75
29/03/2005,51.42
30/03/2005,50.63
31/03/2005,53.22
1/04/2005,54.14
4/04/2005,55.92
5/04/2005,54.53
6/04/2005,54.08
7/04/2005,52.57
8/04/2005,51.83
11/04/2005,51.21
12/04/2005,51.53
13/04/2005,49.67
14/04/2005,50.21
15/04/2005,49.52
18/04/2005,48.58
19/04/2005,50.79
20/04/2005,51.53
21/04/2005,51.73
22/04/2005,53.51
25/04/2005,53.1
26/04/2005,52.47
27/04/2005,51.29
28/04/2005,50.74
29/04/2005,50.61
2/05/2005,50.89
3/05/2005,49.48
4/05/2005,50.36
5/05/2005,49.81
6/05/2005,49.7
9/05/2005,49.71
10/05/2005,50.61
11/05/2005,48.91
12/05/2005,47.4
13/05/2005,46.85
16/05/2005,46.42
17/05/2005,47.31
18/05/2005,47.35
19/05/2005,46.92
20/05/2005,46.91
23/05/2005,47.28
24/05/2005,47.29
25/05/2005,49.24
26/05/2005,49.71
27/05/2005,49.42
30/05/2005,49.33
31/05/2005,49.3
1/06/2005,50.46
2/06/2005,51.3
3/06/2005,51.9
6/06/2005,52.61
7/06/2005,51.62
8/06/2005,51.92
9/06/2005,51.36
10/06/2005,51.98
13/06/2005,52
14/06/2005,53.52
15/06/2005,54.12
16/06/2005,54.3
17/06/2005,56.92
20/06/2005,57.1
21/06/2005,57.36
22/06/2005,56.06
23/06/2005,57.03
24/06/2005,57.21
27/06/2005,58.5
28/06/2005,57.75
29/06/2005,55.42
30/06/2005,55.36
1/07/2005,56.41
4/07/2005,57.13
5/07/2005,57.86
6/07/2005,58.38
7/07/2005,57.55
8/07/2005,59
11/07/2005,56.1
12/07/2005,58.95
13/07/2005,58.33
14/07/2005,56.79
15/07/2005,56.98
18/07/2005,56.25
19/07/2005,56.75
20/07/2005,56.39
21/07/2005,55.59
22/07/2005,56.98
25/07/2005,57.51
26/07/2005,58.58
27/07/2005,58.34
28/07/2005,58.28
29/07/2005,59.77
1/08/2005,60.56
2/08/2005,60.13
3/08/2005,60.04
4/08/2005,60.62
5/08/2005,60.73
8/08/2005,62.56
9/08/2005,62.79
10/08/2005,63.77
11/08/2005,65.9
12/08/2005,67.26
15/08/2005,66.68
16/08/2005,65.1
17/08/2005,63.41
18/08/2005,61.75
19/08/2005,64.21
22/08/2005,65.87
23/08/2005,65.16
24/08/2005,65.25
25/08/2005,65.88
26/08/2005,66.23
29/08/2005,64.77
30/08/2005,66.15
31/08/2005,66.8
1/09/2005,66.79
2/09/2005,65.95
5/09/2005,64.16
6/09/2005,64.16
7/09/2005,63.6
8/09/2005,61.66
9/09/2005,62.62
12/09/2005,60.69
13/09/2005,61.31
14/09/2005,61.7
15/09/2005,61.9
16/09/2005,60.48
19/09/2005,64.04
20/09/2005,62.98
21/09/2005,64.31
22/09/2005,64.64
23/09/2005,62.17
26/09/2005,61.73
27/09/2005,62.56
28/09/2005,62.81
29/09/2005,62.02
30/09/2005,61.7
3/10/2005,61.64
4/10/2005,59.17
5/10/2005,59.33
6/10/2005,57.2
7/10/2005,57.29
10/10/2005,57.01
11/10/2005,58.1
12/10/2005,59.91
13/10/2005,59.48
14/10/2005,58.45
17/10/2005,59.81
18/10/2005,58.85
19/10/2005,58.13
20/10/2005,57.04
21/10/2005,56.94
24/10/2005,57.64
25/10/2005,58.72
26/10/2005,58.56
27/10/2005,58.1
28/10/2005,59.47
31/10/2005,58.47
1/11/2005,56.69
2/11/2005,58.53
3/11/2005,59.55
4/11/2005,60.48
7/11/2005,58.19
8/11/2005,57.89
9/11/2005,57.71
10/11/2005,55.85
11/11/2005,54.3
14/11/2005,54.1
15/11/2005,54.45
16/11/2005,53.68
17/11/2005,53.8
18/11/2005,52.84
21/11/2005,53.36
22/11/2005,54.21
23/11/2005,53.73
24/11/2005,53.41
25/11/2005,53.15
28/11/2005,52.91
29/11/2005,53.24
30/11/2005,53.25
1/12/2005,53.65
2/12/2005,54.91
5/12/2005,56.05
6/12/2005,55.68
7/12/2005,55.17
8/12/2005,56.26
9/12/2005,57.18
12/12/2005,57.23
13/12/2005,59.16
14/12/2005,59.59
15/12/2005,59.67
16/12/2005,58.11
19/12/2005,56.09
20/12/2005,56.08
21/12/2005,56.05
22/12/2005,57.3
23/12/2005,56.28
26/12/2005,56.54
28/12/2005,56.91
29/12/2005,57.72
30/12/2005,58.34
3/01/2006,61.51
4/01/2006,61.25
5/01/2006,61.68
6/01/2006,62.43
9/01/2006,62.51
10/01/2006,62.32
11/01/2006,61.54
12/01/2006,62.95
13/01/2006,61.58
16/01/2006,62.34
17/01/2006,63.22
18/01/2006,63.6
19/01/2006,63.64
20/01/2006,64.92
23/01/2006,64.56
24/01/2006,63.82
25/01/2006,62.61
26/01/2006,62.93
27/01/2006,64.95
30/01/2006,65.14
31/01/2006,63.19
1/02/2006,65.64
2/02/2006,63.49
3/02/2006,62.54
6/02/2006,63.32
7/02/2006,61.64
8/02/2006,60.82
9/02/2006,60.7
10/02/2006,59.66
13/02/2006,59.16
14/02/2006,58.27
15/02/2006,57.67
16/02/2006,56.78
17/02/2006,58.34
20/02/2006,60.05
21/02/2006,59.35
22/02/2006,58.71
23/02/2006,58.71
24/02/2006,60.13
27/02/2006,59.44
28/02/2006,59.78
1/03/2006,61.12
2/03/2006,62.27
3/03/2006,62.69
6/03/2006,61.41
7/03/2006,59.79
8/03/2006,58.42
9/03/2006,58.82
10/03/2006,59.04
13/03/2006,60.99
14/03/2006,62.39
15/03/2006,63.12
16/03/2006,62.07
17/03/2006,63.54
20/03/2006,62.3
21/03/2006,59.96
22/03/2006,61.23
23/03/2006,61.76
24/03/2006,62.78
27/03/2006,62.59
28/03/2006,64.31
29/03/2006,64.88
30/03/2006,65.95
31/03/2006,66.06
3/04/2006,67.28
4/04/2006,65.93
5/04/2006,66.74
6/04/2006,67.58
7/04/2006,67.11
10/04/2006,68.2
11/04/2006,68.52
12/04/2006,69.54
13/04/2006,69.39
18/04/2006,70.97
19/04/2006,72.69
20/04/2006,72.57
21/04/2006,73.94
24/04/2006,73.96
25/04/2006,72.86
26/04/2006,73.46
27/04/2006,71.79
28/04/2006,72.15
1/05/2006,73.37
2/05/2006,74.45
3/05/2006,73.73
4/05/2006,71.84
5/05/2006,71.22
8/05/2006,68.26
9/05/2006,70.6
10/05/2006,69.83
11/05/2006,72.2
12/05/2006,71.3
15/05/2006,68.69
16/05/2006,68.66
17/05/2006,67.52
18/05/2006,67.39
19/05/2006,66.93
22/05/2006,66.52
23/05/2006,68.97
24/05/2006,68.45
25/05/2006,68.51
26/05/2006,69.88
29/05/2006,69.16
30/05/2006,69.82
31/05/2006,67.57
1/06/2006,68.77
2/06/2006,68.42
5/06/2006,69.13
6/06/2006,68.25
7/06/2006,67.17
8/06/2006,65.76
9/06/2006,69.13
12/06/2006,68.62
13/06/2006,65.67
14/06/2006,65.52
15/06/2006,66.04
16/06/2006,65.01
19/06/2006,66.4
20/06/2006,67.57
21/06/2006,68.17
22/06/2006,69.6
23/06/2006,69.91
26/06/2006,69.85
27/06/2006,71.26
28/06/2006,71.76
29/06/2006,73.02
30/06/2006,73.2
3/07/2006,73.94
4/07/2006,73.17
5/07/2006,72.88
6/07/2006,73.12
7/07/2006,74.14
10/07/2006,72.39
11/07/2006,73.14
12/07/2006,73.04
13/07/2006,75.23
14/07/2006,76.13
17/07/2006,75.12
18/07/2006,75.32
19/07/2006,71.62
20/07/2006,72.56
21/07/2006,72.96
24/07/2006,72.09
25/07/2006,72.49
26/07/2006,73.76
27/07/2006,75.36
28/07/2006,73.95
31/07/2006,74.75
1/08/2006,76.39
2/08/2006,77.63
3/08/2006,76.28
4/08/2006,76.53
7/08/2006,77.82
8/08/2006,77.93
9/08/2006,78.26
10/08/2006,75.69
11/08/2006,75.19
14/08/2006,73.78
15/08/2006,73.57
16/08/2006,72.67
17/08/2006,70.42
18/08/2006,71.3
21/08/2006,72.42
22/08/2006,72.06
23/08/2006,71.12
24/08/2006,71.4
25/08/2006,72.58
28/08/2006,69.44
29/08/2006,67.01
30/08/2006,67.15
31/08/2006,67.66
1/09/2006,70.49
4/09/2006,68.62
5/09/2006,65.94
6/09/2006,65.41
7/09/2006,64.52
8/09/2006,64.3
11/09/2006,62.41
12/09/2006,62.23
13/09/2006,61.28
14/09/2006,60.75
15/09/2006,60.23
18/09/2006,61.47
19/09/2006,62.52
20/09/2006,59.09
21/09/2006,59.27
22/09/2006,58.81
25/09/2006,57.89
26/09/2006,58.53
27/09/2006,57.6
28/09/2006,60.68
29/09/2006,59.09
2/10/2006,58.8
3/10/2006,56.28
4/10/2006,55.82
5/10/2006,57.93
6/10/2006,56.9
9/10/2006,59.25
10/10/2006,57.8
11/10/2006,57.75
12/10/2006,57.87
13/10/2006,58.97
16/10/2006,58.22
17/10/2006,60.13
18/10/2006,58.51
19/10/2006,57.74
20/10/2006,57.94
23/10/2006,56.56
24/10/2006,56.56
25/10/2006,58.79
26/10/2006,58.76
27/10/2006,57.99
30/10/2006,57.08
31/10/2006,56.13
1/11/2006,56.37
2/11/2006,56.26
3/11/2006,56.55
6/11/2006,57.02
7/11/2006,56.99
8/11/2006,57.18
9/11/2006,59.72
10/11/2006,59.18
13/11/2006,56.88
14/11/2006,57.9
15/11/2006,57.97
16/11/2006,59.5
17/11/2006,57.01
20/11/2006,57.38
21/11/2006,59.53
22/11/2006,58.66
23/11/2006,59.7
24/11/2006,60.72
27/11/2006,60.52
28/11/2006,61.22
29/11/2006,62.13
30/11/2006,64.36
1/12/2006,64.74
4/12/2006,63.97
5/12/2006,63.65
6/12/2006,63.7
7/12/2006,63.17
8/12/2006,63.67
11/12/2006,62.59
12/12/2006,62.58
13/12/2006,61.89
14/12/2006,62.85
15/12/2006,62.91
18/12/2006,62.81
19/12/2006,62.19
20/12/2006,63.13
21/12/2006,62.13
22/12/2006,61.92
27/12/2006,60.7
28/12/2006,59.41
29/12/2006,58.96
2/01/2007,58.49
3/01/2007,56.63
4/01/2007,54.58
5/01/2007,52.82
8/01/2007,52.82
9/01/2007,52.38
10/01/2007,52.11
11/01/2007,51.68
12/01/2007,49.95
16/01/2007,51.28
17/01/2007,51.19
18/01/2007,50.83
19/01/2007,52.29
22/01/2007,54.34
23/01/2007,53.93
24/01/2007,55.11
25/01/2007,55.67
26/01/2007,55.29
29/01/2007,54.71
30/01/2007,54.69
31/01/2007,56.52
1/02/2007,56.74
2/02/2007,56.93
5/02/2007,58.67
6/02/2007,58.04
7/02/2007,58.35
8/02/2007,57.24
9/02/2007,57.21
12/02/2007,55.52
13/02/2007,56.12
14/02/2007,55.05
15/02/2007,54.25
16/02/2007,56.78
20/02/2007,55.91
21/02/2007,57.74
22/02/2007,58.62
23/02/2007,60.38
26/02/2007,60.34
27/02/2007,60.28
28/02/2007,59.39
1/03/2007,61.18
2/03/2007,61.92
5/03/2007,59.78
6/03/2007,59.68
7/03/2007,61.13
8/03/2007,60.9
9/03/2007,60.25
12/03/2007,60.59
13/03/2007,61.52
14/03/2007,60.89
15/03/2007,60.4
16/03/2007,60.93
19/03/2007,60.49
20/03/2007,60.11
21/03/2007,60.18
22/03/2007,61.57
23/03/2007,63.1
26/03/2007,64.43
27/03/2007,64.25
28/03/2007,66.15
29/03/2007,67.19
30/03/2007,68.47
2/04/2007,68.94
3/04/2007,68
4/04/2007,68.09
5/04/2007,69.15
10/04/2007,67.64
11/04/2007,68.6
12/04/2007,67.79
13/04/2007,68.78
16/04/2007,67.1
17/04/2007,66.34
18/04/2007,65.09
19/04/2007,66.17
20/04/2007,66.34
23/04/2007,66.8
24/04/2007,67.94
25/04/2007,67.44
26/04/2007,67.51
27/04/2007,67.28
30/04/2007,67.23
1/05/2007,67.4
2/05/2007,65.57
3/05/2007,64.85
4/05/2007,65.14
7/05/2007,62.7
8/05/2007,63.55
9/05/2007,63.5
10/05/2007,64.63
11/05/2007,65.18
14/05/2007,65.86
15/05/2007,66.74
16/05/2007,66.83
17/05/2007,69.08
18/05/2007,69.26
21/05/2007,69.51
22/05/2007,70.05
23/05/2007,71.01
24/05/2007,71.96
25/05/2007,70.72
29/05/2007,69.31
30/05/2007,67.64
31/05/2007,68.18
1/06/2007,68.65
4/06/2007,70.9
5/06/2007,71.36
6/06/2007,71.5
7/06/2007,72.36
8/06/2007,70.04
11/06/2007,68.85
12/06/2007,68.56
13/06/2007,69.24
14/06/2007,71.18
15/06/2007,71.63
18/06/2007,72.33
19/06/2007,72.17
20/06/2007,70.55
21/06/2007,71.81
22/06/2007,72.04
25/06/2007,71.36
26/06/2007,71.41
27/06/2007,71.84
28/06/2007,71.96
29/06/2007,72.22
2/07/2007,72.9
3/07/2007,74.26
5/07/2007,75.4
6/07/2007,76.58
9/07/2007,77.1
10/07/2007,77.88
11/07/2007,77.44
12/07/2007,78.24
13/07/2007,78.12
16/07/2007,78.17
17/07/2007,77.59
18/07/2007,78
19/07/2007,78.37
20/07/2007,79.09
23/07/2007,78.36
24/07/2007,75.88
25/07/2007,75.21
26/07/2007,77.28
27/07/2007,76.58
30/07/2007,76.07
31/07/2007,77.01
1/08/2007,77.11
2/08/2007,76.14
3/08/2007,75.36
6/08/2007,72.69
7/08/2007,70.42
8/08/2007,70.73
9/08/2007,70.08
10/08/2007,69.57
13/08/2007,71.3
14/08/2007,69.29
15/08/2007,71.3
16/08/2007,68.77
17/08/2007,69.8
20/08/2007,68.37
21/08/2007,67.88
22/08/2007,67.73
23/08/2007,68.73
24/08/2007,69.49
27/08/2007,68.85
28/08/2007,69.66
29/08/2007,70.48
30/08/2007,71.46
31/08/2007,72.29
4/09/2007,74.22
5/09/2007,74.72
6/09/2007,76.21
7/09/2007,75.08
10/09/2007,74.97
11/09/2007,76.23
12/09/2007,77.15
13/09/2007,77.84
14/09/2007,78.27
17/09/2007,77.99
18/09/2007,77
19/09/2007,78.47
20/09/2007,78.48
21/09/2007,78.91
24/09/2007,77.87
25/09/2007,76.82
26/09/2007,76.21
27/09/2007,78.88
28/09/2007,80.97
1/10/2007,78.33
2/10/2007,76.87
3/10/2007,77.8
4/10/2007,77.84
5/10/2007,79.05
8/10/2007,76.94
9/10/2007,77.82
10/10/2007,77.85
11/10/2007,80.83
12/10/2007,80.82
15/10/2007,82.5
16/10/2007,84.43
17/10/2007,85.24
18/10/2007,85.03
19/10/2007,84.25
22/10/2007,82.72
23/10/2007,82.31
24/10/2007,83.47
25/10/2007,85.4
26/10/2007,84.71
29/10/2007,89.87
30/10/2007,89.87
31/10/2007,89.87
1/11/2007,90.36
2/11/2007,92.11
5/11/2007,92.16
6/11/2007,93.99
7/11/2007,94.85
8/11/2007,94.4
9/11/2007,92.32
12/11/2007,91.56
13/11/2007,89.09
14/11/2007,90.73
15/11/2007,90.32
16/11/2007,91.99
19/11/2007,91.59
20/11/2007,94.13
21/11/2007,94.97
23/11/2007,95.33
26/11/2007,94.88
27/11/2007,93.23
28/11/2007,91.64
29/11/2007,92.34
30/11/2007,88.71
3/12/2007,87.85
4/12/2007,89.97
5/12/2007,90.7
6/12/2007,88.46
7/12/2007,88.46
10/12/2007,87.33
11/12/2007,87.77
12/12/2007,91.69
13/12/2007,92.57
14/12/2007,91.86
17/12/2007,90.32
18/12/2007,90.71
19/12/2007,90.98
20/12/2007,91.06
21/12/2007,91.03
24/12/2007,91.59
27/12/2007,95.66
28/12/2007,95.92
31/12/2007,93.68
2/01/2008,97.01
3/01/2008,98.45
4/01/2008,96.87
7/01/2008,94.19
8/01/2008,96.37
9/01/2008,96.76
10/01/2008,92.8
11/01/2008,91.86
14/01/2008,92.58
15/01/2008,90.87
16/01/2008,88.1
17/01/2008,88.96
18/01/2008,89.66
22/01/2008,88.11
23/01/2008,87.06
24/01/2008,87.69
25/01/2008,90.96
28/01/2008,90.91
29/01/2008,92.49
30/01/2008,92.46
31/01/2008,91.58
1/02/2008,91.41
4/02/2008,91.09
5/02/2008,89.6
6/02/2008,88.73
7/02/2008,88.55
8/02/2008,91.45
11/02/2008,93.93
12/02/2008,94.28
13/02/2008,93.82
14/02/2008,95.92
15/02/2008,96.96
19/02/2008,97.03
20/02/2008,97.88
21/02/2008,97.52
22/02/2008,96.07
25/02/2008,97.43
26/02/2008,99.05
27/02/2008,98.28
28/02/2008,99.83
29/02/2008,100.9
3/03/2008,101.83
4/03/2008,98.6
5/03/2008,100.95
6/03/2008,103.47
7/03/2008,104.66
10/03/2008,105.33
11/03/2008,106.78
12/03/2008,107.99
13/03/2008,109.18
14/03/2008,109.16
17/03/2008,104.41
18/03/2008,105.35
19/03/2008,102.65
20/03/2008,99.78
24/03/2008,100.93
25/03/2008,99.91
26/03/2008,102.83
27/03/2008,103.89
28/03/2008,102.68
31/03/2008,102.33
1/04/2008,98.69
2/04/2008,98.85
3/04/2008,102.31
4/04/2008,102.21
7/04/2008,105.98
8/04/2008,105.05
9/04/2008,107.46
10/04/2008,107.37
11/04/2008,107.15
14/04/2008,108.32
15/04/2008,110.84
16/04/2008,110.95
17/04/2008,111.34
18/04/2008,110.67
21/04/2008,111.35
22/04/2008,113.54
23/04/2008,115.34
24/04/2008,114.85
25/04/2008,116.62
28/04/2008,115.7
29/04/2008,113.86
30/04/2008,111.12
1/05/2008,107.3
2/05/2008,111.92
5/05/2008,115.68
6/05/2008,119.88
7/05/2008,120.27
8/05/2008,119.85
9/05/2008,123.54
12/05/2008,122.89
13/05/2008,123.11
14/05/2008,121.18
15/05/2008,122.76
16/05/2008,122.98
19/05/2008,122.19
20/05/2008,124.12
21/05/2008,127.28
22/05/2008,129.04
23/05/2008,129.72
27/05/2008,128.92
28/05/2008,128.93
29/05/2008,129.33
30/05/2008,127.85
2/06/2008,128.5
3/06/2008,126.28
4/06/2008,121.72
5/06/2008,122.36
6/06/2008,132.81
9/06/2008,134.43
10/06/2008,135.24
11/06/2008,134.52
12/06/2008,132.11
13/06/2008,134.29
16/06/2008,133.9
17/06/2008,131.27
18/06/2008,129.12
19/06/2008,131.84
20/06/2008,134.28
23/06/2008,134.54
24/06/2008,135.37
25/06/2008,131.59
26/06/2008,136.82
27/06/2008,139.38
30/06/2008,138.4
1/07/2008,140.67
2/07/2008,141.24
3/07/2008,143.95
7/07/2008,139.62
8/07/2008,134.15
9/07/2008,133.91
10/07/2008,135.81
11/07/2008,143.68
14/07/2008,142.43
15/07/2008,136.02
16/07/2008,133.31
17/07/2008,134.16
18/07/2008,129.34
21/07/2008,129.34
22/07/2008,127.18
23/07/2008,126.86
24/07/2008,125.43
25/07/2008,124.7
28/07/2008,125.67
29/07/2008,125.77
30/07/2008,122.46
31/07/2008,124.1
1/08/2008,124.16
4/08/2008,121.87
5/08/2008,116.5
6/08/2008,114.47
7/08/2008,116.94
8/08/2008,113.03
11/08/2008,110.54
12/08/2008,108.98
13/08/2008,110.68
14/08/2008,111.82
15/08/2008,108.8
18/08/2008,109.33
19/08/2008,109.02
20/08/2008,108.72
21/08/2008,117.24
22/08/2008,113.99
25/08/2008,109.74
26/08/2008,112.2
27/08/2008,113.05
28/08/2008,113.54
29/08/2008,113.49
2/09/2008,104.94
3/09/2008,103.88
4/09/2008,103.41
5/09/2008,102.51
8/09/2008,101.08
9/09/2008,98.94
10/09/2008,96
11/09/2008,96.01
12/09/2008,94.37
15/09/2008,90.45
16/09/2008,85.85
17/09/2008,86.09
18/09/2008,90.89
19/09/2008,93.46
22/09/2008,100.43
23/09/2008,100.72
24/09/2008,102.09
25/09/2008,100.45
26/09/2008,100.88
29/09/2008,95.96
30/09/2008,93.52
1/10/2008,92.19
2/10/2008,88.88
3/10/2008,88.95
6/10/2008,84.71
7/10/2008,83.17
8/10/2008,80.77
9/10/2008,81.65
10/10/2008,74.58
13/10/2008,74.37
14/10/2008,74.98
15/10/2008,66.86
16/10/2008,64.14
17/10/2008,66.05
20/10/2008,67.45
21/10/2008,65.99
22/10/2008,62.95
23/10/2008,65.06
24/10/2008,60.57
27/10/2008,59.34
28/10/2008,58.87
29/10/2008,64
30/10/2008,60.86
31/10/2008,60
3/11/2008,60.32
4/11/2008,62.78
5/11/2008,61.09
6/11/2008,56.14
7/11/2008,56.84
10/11/2008,57.08
11/11/2008,54.76
12/11/2008,52.47
13/11/2008,51.32
14/11/2008,50.7
17/11/2008,50.82
18/11/2008,49.1
19/11/2008,48.35
20/11/2008,45.79
21/11/2008,44.91
24/11/2008,49.51
25/11/2008,47.51
26/11/2008,49.39
28/11/2008,47.72
1/12/2008,47.58
2/12/2008,45.64
3/12/2008,44.39
4/12/2008,43.83
5/12/2008,37.04
8/12/2008,40.02
9/12/2008,39.77
10/12/2008,39.34
11/12/2008,43.54
12/12/2008,42.38
15/12/2008,45.02
16/12/2008,42
17/12/2008,41.84
18/12/2008,40.19
19/12/2008,39.52
22/12/2008,38.08
23/12/2008,35.27
24/12/2008,34.45
26/12/2008,33.73
29/12/2008,34.16
30/12/2008,35.22
31/12/2008,35.82
2/01/2009,42.94
5/01/2009,45.84
6/01/2009,48.89
7/01/2009,46.23
8/01/2009,42.94
9/01/2009,42.34
12/01/2009,40.86
13/01/2009,43.05
14/01/2009,42.27
15/01/2009,42.32
16/01/2009,43.42
20/01/2009,41.22
21/01/2009,39.9
22/01/2009,42.42
23/01/2009,43.13
26/01/2009,48
27/01/2009,42.86
28/01/2009,42.86
29/01/2009,43.13
30/01/2009,44.17
2/02/2009,42.96
3/02/2009,43.15
4/02/2009,43.68
5/02/2009,43.92
6/02/2009,44.49
9/02/2009,47.23
10/02/2009,45.88
11/02/2009,44.24
12/02/2009,47.23
13/02/2009,43.36
17/02/2009,39.69
18/02/2009,39.41
19/02/2009,42.36
20/02/2009,42.19
23/02/2009,41.27
24/02/2009,40.18
25/02/2009,42.37
26/02/2009,45.15
27/02/2009,44.41
2/03/2009,42.6
3/03/2009,42.72
4/03/2009,46.07
5/03/2009,44.45
6/03/2009,43.48
9/03/2009,44.55
10/03/2009,44.99
11/03/2009,43.2
12/03/2009,42.19
13/03/2009,44.97
16/03/2009,44.12
17/03/2009,45.53
18/03/2009,45.22
19/03/2009,48.03
20/03/2009,49.27
23/03/2009,51.84
24/03/2009,51.32
25/03/2009,51.46
26/03/2009,51.89
27/03/2009,50.81
30/03/2009,49.05
31/03/2009,46.13
1/04/2009,45.92
2/04/2009,50.89
3/04/2009,50.48
6/04/2009,50.91
7/04/2009,50.62
8/04/2009,52.06
9/04/2009,52.33
13/04/2009,50.73
14/04/2009,52.06
15/04/2009,51.31
16/04/2009,51.83
17/04/2009,52.02
20/04/2009,49.06
21/04/2009,48.69
22/04/2009,48.5
23/04/2009,48.29
24/04/2009,50.29
27/04/2009,48.67
28/04/2009,48.64
29/04/2009,50.22
30/04/2009,50.3
1/05/2009,51.75
4/05/2009,53.26
5/05/2009,53.16
6/05/2009,55.07
7/05/2009,56.63
8/05/2009,56.02
11/05/2009,55.99
12/05/2009,56.52
13/05/2009,56.84
14/05/2009,56.25
15/05/2009,56.33
18/05/2009,56.51
19/05/2009,57.12
20/05/2009,59.1
21/05/2009,58.02
22/05/2009,58.7
26/05/2009,59.05
27/05/2009,61.28
28/05/2009,63.47
29/05/2009,64.98
1/06/2009,66.6
2/06/2009,67.67
3/06/2009,66.15
4/06/2009,67.68
5/06/2009,67.77
8/06/2009,67.61
9/06/2009,68.94
10/06/2009,70.52
11/06/2009,71.71
12/06/2009,70.62
15/06/2009,68.49
16/06/2009,70.52
17/06/2009,68.95
18/06/2009,69.96
19/06/2009,70.48
22/06/2009,66.13
23/06/2009,66.36
24/06/2009,68.47
25/06/2009,68.82
26/06/2009,68.1
29/06/2009,69.75
30/06/2009,68.11
1/07/2009,68.52
2/07/2009,65.74
6/07/2009,63.12
7/07/2009,61.54
8/07/2009,59.71
9/07/2009,59.17
10/07/2009,58.43
13/07/2009,58.25
14/07/2009,60.48
15/07/2009,61.25
16/07/2009,62.02
17/07/2009,63.54
20/07/2009,64.64
21/07/2009,65.93
22/07/2009,65.36
23/07/2009,68.06
24/07/2009,68.82
27/07/2009,69.78
28/07/2009,68.53
29/07/2009,65.79
30/07/2009,68.82
31/07/2009,70.08
3/08/2009,72.9
4/08/2009,73.82
5/08/2009,74.39
6/08/2009,74.61
7/08/2009,74.21
10/08/2009,73.79
11/08/2009,71.58
12/08/2009,74.03
13/08/2009,73.76
14/08/2009,71.33
17/08/2009,68.65
18/08/2009,68.66
19/08/2009,72.81
20/08/2009,73.75
21/08/2009,73.71
24/08/2009,74.34
25/08/2009,73.1
26/08/2009,70.74
27/08/2009,70.68
28/08/2009,72.8
31/08/2009,69.02
1/09/2009,68.78
2/09/2009,67.6
3/09/2009,66.78
4/09/2009,65.84
8/09/2009,69.2
9/09/2009,69.76
10/09/2009,68.96
11/09/2009,68.76
14/09/2009,66.91
15/09/2009,66.53
16/09/2009,68.51
17/09/2009,71.56
18/09/2009,70.72
21/09/2009,68.11
22/09/2009,69.65
23/09/2009,67.43
24/09/2009,64.99
25/09/2009,64.6
28/09/2009,65.43
29/09/2009,64.63
30/09/2009,65.82
1/10/2009,67.12
2/10/2009,66.5
5/10/2009,65.26
6/10/2009,68.51
7/10/2009,67.65
8/10/2009,68.47
9/10/2009,69.45
12/10/2009,70.75
13/10/2009,70.81
14/10/2009,72.16
15/10/2009,73.14
16/10/2009,74.58
19/10/2009,75.86
20/10/2009,76.51
21/10/2009,77.74
22/10/2009,78.36
23/10/2009,77.72
26/10/2009,76.45
27/10/2009,76.69
28/10/2009,75.11
29/10/2009,77.18
30/10/2009,74.91
2/11/2009,75.56
3/11/2009,75.68
4/11/2009,78.21
5/11/2009,78.02
6/11/2009,75.51
9/11/2009,77.18
10/11/2009,77.07
11/11/2009,76.99
12/11/2009,75.18
13/11/2009,74.81
16/11/2009,77.14
17/11/2009,77.36
18/11/2009,78.64
19/11/2009,76.45
20/11/2009,75.61
23/11/2009,78.14
24/11/2009,75.35
25/11/2009,76.57
27/11/2009,76
30/11/2009,77.77
1/12/2009,78.68
2/12/2009,76.96
3/12/2009,77.76
4/12/2009,77.74
7/12/2009,76.18
8/12/2009,74.93
9/12/2009,73.63
10/12/2009,70.91
11/12/2009,70.07
14/12/2009,71.19
15/12/2009,71.33
16/12/2009,73.34
17/12/2009,71.28
18/12/2009,71.87
21/12/2009,72.74
22/12/2009,71.64
23/12/2009,73.87
24/12/2009,75.15
28/12/2009,76.59
29/12/2009,76.65
30/12/2009,77.62
31/12/2009,77.91
4/01/2010,79.05
5/01/2010,79.27
6/01/2010,80.14
7/01/2010,80.57
8/01/2010,80.06
11/01/2010,80.14
12/01/2010,79.38
13/01/2010,77.57
14/01/2010,77.61
15/01/2010,76.85
19/01/2010,75.18
20/01/2010,75.09
21/01/2010,74.13
22/01/2010,72.73
25/01/2010,72.18
26/01/2010,72.63
27/01/2010,72.75
28/01/2010,70.65
29/01/2010,71.2
1/02/2010,71.58
2/02/2010,73.94
3/02/2010,75.77
4/02/2010,71.3
5/02/2010,70.11
8/02/2010,69.62
9/02/2010,70.4
10/02/2010,70.4
11/02/2010,72.35
12/02/2010,71.49
16/02/2010,74.82
17/02/2010,74.89
18/02/2010,76.61
19/02/2010,76.88
22/02/2010,76.95
23/02/2010,76.44
24/02/2010,77
25/02/2010,74.38
26/02/2010,76.36
1/03/2010,76.07
2/03/2010,77.5
3/03/2010,78.66
4/03/2010,77.88
5/03/2010,79.2
8/03/2010,78.94
9/03/2010,78.77
10/03/2010,80.29
11/03/2010,79.44
12/03/2010,79.38
15/03/2010,77.08
16/03/2010,79.45
17/03/2010,80.28
18/03/2010,80.09
19/03/2010,78.37
22/03/2010,78.09
23/03/2010,79.17
24/03/2010,78.03
25/03/2010,78.64
26/03/2010,77.98
29/03/2010,79.89
30/03/2010,79.46
31/03/2010,80.37
1/04/2010,82.63
5/04/2010,84.48
6/04/2010,85.05
7/04/2010,84.49
8/04/2010,82.63
9/04/2010,82.77
12/04/2010,85.21
13/04/2010,83.44
14/04/2010,85.81
15/04/2010,86.9
16/04/2010,84.81
19/04/2010,83.09
20/04/2010,84.73
21/04/2010,84.55
22/04/2010,84.58
23/04/2010,86.09
26/04/2010,86.72
27/04/2010,85.59
28/04/2010,84.59
29/04/2010,86.82
30/04/2010,86.19
3/05/2010,88.09
4/05/2010,85.39
5/05/2010,82.31
6/05/2010,80.21
7/05/2010,76.48
10/05/2010,78.08
11/05/2010,79
12/05/2010,78.7
13/05/2010,79.41
14/05/2010,76.43
17/05/2010,73.87
18/05/2010,75.12
19/05/2010,71.86
20/05/2010,69.56
21/05/2010,70.45
24/05/2010,69.62
25/05/2010,67.18
26/05/2010,70.59
27/05/2010,73.56
28/05/2010,73
1/06/2010,73.08
2/06/2010,72.78
3/06/2010,73.12
4/06/2010,71.84
7/06/2010,71.09
8/06/2010,71.43
9/06/2010,73.68
10/06/2010,74.33
11/06/2010,73.28
14/06/2010,75.11
15/06/2010,75.29
16/06/2010,76.12
17/06/2010,77.52
18/06/2010,77.05
21/06/2010,78.53
22/06/2010,78.08
23/06/2010,75.22
24/06/2010,75.17
25/06/2010,76.21
28/06/2010,76.66
29/06/2010,74.21
30/06/2010,74.94
1/07/2010,71.73
2/07/2010,71.75
6/07/2010,73.08
7/07/2010,72.97
8/07/2010,74.56
9/07/2010,75.2
12/07/2010,74.35
13/07/2010,76.45
14/07/2010,76.63
15/07/2010,75.52
16/07/2010,75.55
19/07/2010,76.29
20/07/2010,76.31
21/07/2010,75.75
22/07/2010,77.59
23/07/2010,77.27
26/07/2010,77.9
27/07/2010,75.52
28/07/2010,76.66
29/07/2010,78.6
30/07/2010,77.5
2/08/2010,81.93
3/08/2010,83.6
4/08/2010,83.76
5/08/2010,82.9
6/08/2010,81.28
9/08/2010,81.54
10/08/2010,79.89
11/08/2010,77.83
12/08/2010,76.63
13/08/2010,75.14
16/08/2010,74.56
17/08/2010,76.74
18/08/2010,75.1
19/08/2010,74.84
20/08/2010,73.48
23/08/2010,73.08
24/08/2010,70.61
25/08/2010,70.74
26/08/2010,74.5
27/08/2010,75.16
30/08/2010,76.05
31/08/2010,75.51
1/09/2010,75.53
2/09/2010,74.93
3/09/2010,75.03
7/09/2010,75.78
8/09/2010,77.48
9/09/2010,77.87
10/09/2010,77.54
13/09/2010,78.52
14/09/2010,78.89
15/09/2010,78.46
16/09/2010,78.89
17/09/2010,77.43
20/09/2010,79.42
21/09/2010,78.76
22/09/2010,77.29
23/09/2010,77.69
24/09/2010,78.73
27/09/2010,77.71
28/09/2010,79.14
29/09/2010,78.79
30/09/2010,80.77
1/10/2010,82.69
4/10/2010,83.42
5/10/2010,83.35
6/10/2010,85.01
7/10/2010,83.67
8/10/2010,83.88
11/10/2010,83.08
12/10/2010,82.99
13/10/2010,84.01
14/10/2010,83.55
15/10/2010,81.94
18/10/2010,82.3
19/10/2010,81.12
20/10/2010,81.68
21/10/2010,81.28
22/10/2010,80.75
25/10/2010,81.91
26/10/2010,82.62
27/10/2010,81.27
28/10/2010,82.97
29/10/2010,82.47
1/11/2010,84.06
2/11/2010,84.71
3/11/2010,85.33
4/11/2010,86.83
5/11/2010,87.05
8/11/2010,87.15
9/11/2010,87.93
10/11/2010,87.92
11/11/2010,88.08
12/11/2010,86.07
15/11/2010,85.49
16/11/2010,83.98
17/11/2010,83.36
18/11/2010,83.7
19/11/2010,83.17
22/11/2010,82.34
23/11/2010,82.37
24/11/2010,84.53
26/11/2010,84.78
29/11/2010,85.9
30/11/2010,86.02
1/12/2010,88.56
2/12/2010,89.37
3/12/2010,90.65
6/12/2010,91.25
7/12/2010,90.78
8/12/2010,89.74
9/12/2010,89.93
10/12/2010,89.54
13/12/2010,90.4
14/12/2010,90.63
15/12/2010,91.33
16/12/2010,91.09
17/12/2010,91.11
20/12/2010,91.31
21/12/2010,93.11
22/12/2010,93.55
23/12/2010,93.63
27/12/2010,93.08
28/12/2010,93.52
29/12/2010,93.52
30/12/2010,92.5
31/12/2010,93.23
3/01/2011,95.82
4/01/2011,93.52
5/01/2011,95.07
6/01/2011,94.95
7/01/2011,94.25
10/01/2011,95.05
11/01/2011,96.8
12/01/2011,97.86
13/01/2011,97.86
14/01/2011,97.86
18/01/2011,97.83
19/01/2011,98.42
20/01/2011,96.27
21/01/2011,96.84
24/01/2011,96.76
25/01/2011,96.76
26/01/2011,96.04
27/01/2011,96.48
28/01/2011,97.06
31/01/2011,98.97
1/02/2011,100.4
2/02/2011,101.3
3/02/2011,101.69
4/02/2011,99.43
7/02/2011,99.44
8/02/2011,99.25
9/02/2011,100.16
10/02/2011,100.74
11/02/2011,99.93
14/02/2011,103.12
15/02/2011,102.48
16/02/2011,102.78
17/02/2011,103.45
18/02/2011,102.2
22/02/2011,106.82
23/02/2011,109.77
24/02/2011,113.91
25/02/2011,111.47
28/02/2011,112.27
1/03/2011,113.34
2/03/2011,116.89
3/03/2011,114.42
4/03/2011,115.71
7/03/2011,116.58
8/03/2011,112.32
9/03/2011,115.19
10/03/2011,114.07
11/03/2011,114.07
14/03/2011,112.95
15/03/2011,111.11
16/03/2011,110.96
17/03/2011,114.18
18/03/2011,114.13
21/03/2011,114.92
22/03/2011,115.63
23/03/2011,115.65
24/03/2011,115.41
25/03/2011,115.45
28/03/2011,115.95
29/03/2011,115.58
30/03/2011,115.35
31/03/2011,116.94
1/04/2011,118.63
4/04/2011,120.07
5/04/2011,122.87
6/04/2011,123.01
7/04/2011,122.9
8/04/2011,126.3
11/04/2011,126.46
12/04/2011,121.33
13/04/2011,122.7
14/04/2011,122.74
15/04/2011,124.63
18/04/2011,121.69
19/04/2011,121.35
20/04/2011,124.26
21/04/2011,123.64
26/04/2011,124.55
27/04/2011,124.94
28/04/2011,126.59
2/05/2011,126.64
3/05/2011,124.01
4/05/2011,121.55
5/05/2011,111.93
6/05/2011,113.69
9/05/2011,113.21
10/05/2011,117.82
11/05/2011,115.66
12/05/2011,112.87
13/05/2011,113.08
16/05/2011,113.72
17/05/2011,109.39
18/05/2011,112.54
19/05/2011,113.2
20/05/2011,111.25
23/05/2011,110.13
24/05/2011,112.52
25/05/2011,114.47
26/05/2011,115.06
27/05/2011,114.85
31/05/2011,117.18
1/06/2011,116.15
2/06/2011,114.3
3/06/2011,115.09
6/06/2011,115.4
7/06/2011,116.14
8/06/2011,118.43
9/06/2011,119.95
10/06/2011,118.71
13/06/2011,120.49
14/06/2011,120.35
15/06/2011,114.67
16/06/2011,114.69
17/06/2011,113.74
20/06/2011,112.21
21/06/2011,112.02
22/06/2011,113.59
23/06/2011,108.27
24/06/2011,104.79
27/06/2011,104.57
28/06/2011,107.57
29/06/2011,111.49
30/06/2011,111.71
1/07/2011,109.82
5/07/2011,113.21
6/07/2011,113.55
7/07/2011,117.4
8/07/2011,117.4
11/07/2011,117.35
12/07/2011,117.36
13/07/2011,118.46
14/07/2011,117.38
15/07/2011,118.06
18/07/2011,117.05
19/07/2011,118.18
20/07/2011,118.52
21/07/2011,118.25
22/07/2011,118.99
25/07/2011,118.27
26/07/2011,118.14
27/07/2011,117.99
28/07/2011,118.16
29/07/2011,115.93
1/08/2011,116.37
2/08/2011,116.02
3/08/2011,113.74
4/08/2011,110.22
5/08/2011,106.92
8/08/2011,103.06
9/08/2011,103.63
10/08/2011,103.84
11/08/2011,107.82
12/08/2011,108.17
15/08/2011,108.89
16/08/2011,109.69
17/08/2011,111.37
18/08/2011,108.36
19/08/2011,109.37
22/08/2011,108.83
23/08/2011,110.35
24/08/2011,111.91
25/08/2011,111.91
26/08/2011,112.29
30/08/2011,115.59
31/08/2011,116.48
1/09/2011,116.43
2/09/2011,115.92
6/09/2011,113.29
7/09/2011,117.5
8/09/2011,117.99
9/09/2011,115.1
12/09/2011,114.75
13/09/2011,114.08
14/09/2011,113.1
15/09/2011,116.71
16/09/2011,116.26
19/09/2011,112.89
20/09/2011,114.39
21/09/2011,114.26
22/09/2011,109.21
23/09/2011,109.17
26/09/2011,107.9
27/09/2011,109.54
28/09/2011,108.52
29/09/2011,107.08
30/09/2011,105.42
3/10/2011,103.61
4/10/2011,101.84
5/10/2011,103.77
6/10/2011,104.38
7/10/2011,106.56
10/10/2011,109.49
11/10/2011,109.22
12/10/2011,112.44
13/10/2011,112.45
14/10/2011,114.33
17/10/2011,112.92
18/10/2011,112.08
19/10/2011,111.76
20/10/2011,109
21/10/2011,111.6
24/10/2011,111.67
25/10/2011,112.11
26/10/2011,110.43
27/10/2011,112.45
28/10/2011,110.01
31/10/2011,108.43
1/11/2011,106.97
2/11/2011,110.82
3/11/2011,110.76
4/11/2011,112.22
7/11/2011,114.75
8/11/2011,115.61
9/11/2011,115.29
10/11/2011,113.32
11/11/2011,114.43
14/11/2011,112.57
15/11/2011,111.9
16/11/2011,111.91
17/11/2011,109.25
18/11/2011,107.82
21/11/2011,105.98
22/11/2011,107.77
23/11/2011,106.83
25/11/2011,106.08
28/11/2011,109.38
29/11/2011,111.25
30/11/2011,111.22
1/12/2011,108.83
2/12/2011,109.59
5/12/2011,110.18
6/12/2011,110.16
7/12/2011,110.07
8/12/2011,108.23
9/12/2011,107.91
12/12/2011,107.82
13/12/2011,109.25
14/12/2011,105.72
15/12/2011,104.52
16/12/2011,104
19/12/2011,104.55
20/12/2011,107.8
21/12/2011,108
22/12/2011,108.98
23/12/2011,109.28
28/12/2011,107.54
29/12/2011,106.89
30/12/2011,108.09
3/01/2012,111.12
4/01/2012,113.37
5/01/2012,113.59
6/01/2012,111.96
9/01/2012,111.07
10/01/2012,113.3
11/01/2012,111.66
12/01/2012,112.97
13/01/2012,109.88
17/01/2012,110.55
18/01/2012,109.81
19/01/2012,109.54
20/01/2012,108.5
23/01/2012,109.46
24/01/2012,108.38
25/01/2012,108.48
26/01/2012,109.08
27/01/2012,110.5
30/01/2012,110.24
31/01/2012,110.26
1/02/2012,111.96
2/02/2012,110.96
3/02/2012,112.56
6/02/2012,115.47
7/02/2012,116.86
8/02/2012,117.18
9/02/2012,118.4
10/02/2012,118.13
13/02/2012,118.73
14/02/2012,118.3
15/02/2012,120.25
16/02/2012,121
17/02/2012,120.69
21/02/2012,120.85
22/02/2012,123.07
23/02/2012,124.53
24/02/2012,124.89
27/02/2012,126.46
28/02/2012,124.02
29/02/2012,122.23
1/03/2012,125.76
2/03/2012,125.93
5/03/2012,126.68
6/03/2012,125.03
7/03/2012,125.37
8/03/2012,127.96
9/03/2012,128.08
12/03/2012,127.27
13/03/2012,128.14
14/03/2012,126.98
15/03/2012,123.63
16/03/2012,125.09
19/03/2012,125.76
20/03/2012,124.38
21/03/2012,123.89
22/03/2012,122.49
23/03/2012,125.21
26/03/2012,125.85
27/03/2012,125.25
28/03/2012,124.41
29/03/2012,123.23
30/03/2012,123.41
2/04/2012,124.44
4/04/2012,123.04
5/04/2012,123.58
10/04/2012,121.89
11/04/2012,120.41
12/04/2012,120.57
13/04/2012,120.62
16/04/2012,118.23
17/04/2012,117.41
18/04/2012,115.18
19/04/2012,117
20/04/2012,118.08
23/04/2012,116.66
24/04/2012,117.74
25/04/2012,117.45
26/04/2012,119.33
27/04/2012,119.3
30/04/2012,118.66
1/05/2012,119.57
2/05/2012,117.57
3/05/2012,115.91
4/05/2012,111.66
8/05/2012,110.48
9/05/2012,111.89
10/05/2012,112.24
11/05/2012,112.5
14/05/2012,110.79
15/05/2012,111.4
16/05/2012,109.8
17/05/2012,109.31
18/05/2012,108.03
21/05/2012,109.02
22/05/2012,109.76
23/05/2012,106.88
24/05/2012,107.2
25/05/2012,107.86
29/05/2012,107.55
30/05/2012,103.85
31/05/2012,103.86
1/06/2012,98.63
4/06/2012,97.74
5/06/2012,98.65
6/06/2012,101.14
7/06/2012,100.05
8/06/2012,97.57
11/06/2012,98.6
12/06/2012,96.59
13/06/2012,97.29
14/06/2012,96.46
15/06/2012,97.13
18/06/2012,95.21
19/06/2012,95.14
20/06/2012,93.5
21/06/2012,89.22
22/06/2012,89.22
25/06/2012,88.69
26/06/2012,90.19
27/06/2012,92.06
28/06/2012,91.02
29/06/2012,94.17
2/07/2012,95.28
3/07/2012,99.89
5/07/2012,101.54
6/07/2012,98.5
9/07/2012,99.94
10/07/2012,99.15
11/07/2012,99.23
12/07/2012,99.18
13/07/2012,101.91
16/07/2012,102.1
17/07/2012,104.21
18/07/2012,105.92
19/07/2012,107.79
20/07/2012,106.98
23/07/2012,103.91
24/07/2012,103.57
25/07/2012,102.35
26/07/2012,104.77
27/07/2012,106.3
30/07/2012,106.54
31/07/2012,105.93
1/08/2012,106.78
2/08/2012,107.55
3/08/2012,109.57
6/08/2012,110.01
7/08/2012,112.39
8/08/2012,113.42
9/08/2012,113.52
10/08/2012,113.13
13/08/2012,114.48
14/08/2012,113.9
15/08/2012,115.51
16/08/2012,116.12
17/08/2012,115.2
20/08/2012,115.5
21/08/2012,116.03
22/08/2012,115.77
23/08/2012,117.45
24/08/2012,115.76
27/08/2012,113.74
28/08/2012,112.62
29/08/2012,112.53
30/08/2012,112.28
31/08/2012,113.93
4/09/2012,114.98
5/09/2012,113.32
6/09/2012,114.5
7/09/2012,113.64
10/09/2012,113.84
11/09/2012,114.86
12/09/2012,114.86
13/09/2012,116
14/09/2012,117.48
17/09/2012,116.7
18/09/2012,113.29
19/09/2012,108.49
20/09/2012,109.41
21/09/2012,111.27
24/09/2012,109.2
25/09/2012,110.77
26/09/2012,108.99
27/09/2012,111.45
28/09/2012,111.36
1/10/2012,112.58
2/10/2012,112.49
3/10/2012,109.32
4/10/2012,110.48
5/10/2012,112.17
8/10/2012,112.6
9/10/2012,114.32
10/10/2012,116.11
11/10/2012,116.18
12/10/2012,115.17
15/10/2012,115
16/10/2012,115
17/10/2012,113.49
18/10/2012,112.58
19/10/2012,111.89
22/10/2012,109.62
23/10/2012,107.53
24/10/2012,107.66
25/10/2012,107.64
26/10/2012,108.9
29/10/2012,109.33
30/10/2012,109.4
31/10/2012,109.89
1/11/2012,108.84
2/11/2012,106.79
5/11/2012,105.59
6/11/2012,109.27
7/11/2012,108.21
8/11/2012,107.23
9/11/2012,108.61
12/11/2012,110.23
13/11/2012,108.82
14/11/2012,109.66
15/11/2012,110.07
16/11/2012,106.81
19/11/2012,110.06
20/11/2012,110.01
21/11/2012,110.81
23/11/2012,110.14
26/11/2012,110.18
27/11/2012,109.33
28/11/2012,108.26
29/11/2012,110.47
30/11/2012,110.84
3/12/2012,111.27
4/12/2012,109.99
5/12/2012,108.96
6/12/2012,108.01
7/12/2012,107.16
10/12/2012,108.25
11/12/2012,107.6
12/12/2012,110.17
13/12/2012,110.18
14/12/2012,109.28
17/12/2012,109.35
18/12/2012,109.96
19/12/2012,109.95
20/12/2012,110.57
21/12/2012,109.13
24/12/2012,108.44
26/12/2012,110.72
27/12/2012,110.04
28/12/2012,110.05
31/12/2012,110.8
2/01/2013,112.98
3/01/2013,113.03
4/01/2013,112.58
7/01/2013,112.49
8/01/2013,113.03
9/01/2013,113.07
10/01/2013,112.97
11/01/2013,110.3
14/01/2013,111.32
15/01/2013,111.72
16/01/2013,110.97
17/01/2013,111.01
18/01/2013,111.71
22/01/2013,112.72
23/01/2013,113.68
24/01/2013,114.59
25/01/2013,113.88
28/01/2013,113.92
29/01/2013,115.22
30/01/2013,115.42
31/01/2013,115.55
1/02/2013,115.55
4/02/2013,116.06
5/02/2013,117.03
6/02/2013,116.61
7/02/2013,117.17
8/02/2013,118.9
11/02/2013,118.29
12/02/2013,117.89
13/02/2013,118.43
14/02/2013,118.48
15/02/2013,117.4
19/02/2013,117.04
20/02/2013,116.23
21/02/2013,114.19
22/02/2013,113.74
25/02/2013,114.55
26/02/2013,112.96
27/02/2013,112.24
28/02/2013,112.2
1/03/2013,110.14
4/03/2013,109.9
5/03/2013,110.42
6/03/2013,110.27
7/03/2013,110.42
8/03/2013,108.91
11/03/2013,108.64
12/03/2013,108.48
13/03/2013,107.51
14/03/2013,108.1
15/03/2013,109.32
18/03/2013,108.54
19/03/2013,106.91
20/03/2013,108.27
21/03/2013,106.41
22/03/2013,106.51
25/03/2013,106.66
26/03/2013,107.1
27/03/2013,108.51
28/03/2013,108.46
1/04/2013,108.76
2/04/2013,109.66
3/04/2013,107.82
4/04/2013,105.09
5/04/2013,103.98
8/04/2013,103.16
9/04/2013,104.08
10/04/2013,104.8
11/04/2013,103.62
12/04/2013,100.58
15/04/2013,99.32
16/04/2013,97.88
17/04/2013,96.84
18/04/2013,97.48
19/04/2013,98.94
22/04/2013,99.07
23/04/2013,99.25
24/04/2013,100.71
25/04/2013,101.62
26/04/2013,102.39
29/04/2013,102.88
30/04/2013,101.53
1/05/2013,98.34
2/05/2013,100.32
3/05/2013,104.6
6/05/2013,105
7/05/2013,105.18
8/05/2013,103.79
9/05/2013,103.59
10/05/2013,101.31
13/05/2013,102.17
14/05/2013,102.7
15/05/2013,101.57
16/05/2013,104.27
17/05/2013,103.83
20/05/2013,104.55
21/05/2013,103.1
22/05/2013,102.14
23/05/2013,100.46
24/05/2013,101.24
28/05/2013,103.77
29/05/2013,102.14
30/05/2013,101.79
31/05/2013,100.43
3/06/2013,101.63
4/06/2013,102.04
5/06/2013,103.51
6/06/2013,103.37
7/06/2013,104.07
10/06/2013,103.87
11/06/2013,101.5
12/06/2013,103.11
13/06/2013,103.38
14/06/2013,105.1
17/06/2013,105.8
18/06/2013,105.21
19/06/2013,105.56
20/06/2013,102.72
21/06/2013,100.36
24/06/2013,99.8
25/06/2013,101.51
26/06/2013,100.62
27/06/2013,102.74
28/06/2013,102.49
1/07/2013,103.19
2/07/2013,103.96
3/07/2013,106.12
5/07/2013,107.46
8/07/2013,107.75
9/07/2013,107.9
10/07/2013,108.43
11/07/2013,108.18
12/07/2013,109.03
15/07/2013,109.05
16/07/2013,109.29
17/07/2013,109.67
18/07/2013,109.71
19/07/2013,109.34
22/07/2013,108.82
23/07/2013,109.27
24/07/2013,108.23
25/07/2013,108.1
26/07/2013,107.57
29/07/2013,108.1
30/07/2013,107.47
31/07/2013,107.89
1/08/2013,109.94
2/08/2013,109.63
5/08/2013,109.81
6/08/2013,108.77
7/08/2013,108.39
8/08/2013,107.32
9/08/2013,108.49
12/08/2013,109.28
13/08/2013,110.69
14/08/2013,110.26
15/08/2013,111.58
16/08/2013,111.82
19/08/2013,111.41
20/08/2013,110.74
21/08/2013,110.82
22/08/2013,110.51
23/08/2013,112.12
26/08/2013,112.23
27/08/2013,115.21
28/08/2013,116.27
29/08/2013,116.91
30/08/2013,115.97
3/09/2013,115.49
4/09/2013,115.65
5/09/2013,115.81
6/09/2013,117.15
9/09/2013,115.2
10/09/2013,112.1
11/09/2013,112.37
12/09/2013,113.11
13/09/2013,113.31
16/09/2013,110.86
17/09/2013,109.05
18/09/2013,109.09
19/09/2013,110.66
20/09/2013,110.22
23/09/2013,108.56
24/09/2013,107.68
25/09/2013,109.46
26/09/2013,108.86
27/09/2013,109.45
30/09/2013,107.85
1/10/2013,107.32
2/10/2013,109.09
3/10/2013,109.49
4/10/2013,109.42
7/10/2013,109.66
8/10/2013,110.56
9/10/2013,109.02
10/10/2013,111.63
11/10/2013,110.65
14/10/2013,110.13
15/10/2013,110.67
16/10/2013,110.79
17/10/2013,109.55
18/10/2013,109.4
21/10/2013,109.47
22/10/2013,109.57
23/10/2013,107.74
24/10/2013,106.63
25/10/2013,105.7
28/10/2013,108.29
29/10/2013,108.04
30/10/2013,108.41
31/10/2013,107.53
1/11/2013,105.78
4/11/2013,104.85
5/11/2013,105.01
6/11/2013,105.46
7/11/2013,103.08
8/11/2013,104.29
11/11/2013,105.76
12/11/2013,106.29
13/11/2013,106.9
14/11/2013,108.29
15/11/2013,108.25
18/11/2013,108.8
19/11/2013,108.29
20/11/2013,108.27
21/11/2013,109.9
22/11/2013,111.36
25/11/2013,110.83
26/11/2013,112.04
27/11/2013,111.32
29/11/2013,111.07
2/12/2013,111.49
3/12/2013,113.06
4/12/2013,113.27
5/12/2013,112.07
6/12/2013,111.5
9/12/2013,110.07
10/12/2013,108.91
11/12/2013,109.47
12/12/2013,108.99
13/12/2013,108.08
16/12/2013,110.3
17/12/2013,108.91
18/12/2013,109.56
19/12/2013,110.78
20/12/2013,112.15
23/12/2013,111.58
24/12/2013,111.57
26/12/2013,111.65
27/12/2013,112.06
30/12/2013,110.47
31/12/2013,109.95
2/01/2014,107.94
3/01/2014,106.57
6/01/2014,106.71
7/01/2014,107.01
8/01/2014,107.42
9/01/2014,107.49
10/01/2014,106.44
13/01/2014,108.02
14/01/2014,107.12
15/01/2014,108.09
16/01/2014,107.46
17/01/2014,108.45
20/01/2014,108.01
21/01/2014,109.17
22/01/2014,109.69
23/01/2014,109.69
24/01/2014,109.14
27/01/2014,108.72
28/01/2014,109.1
29/01/2014,108.83
30/01/2014,109.36
31/01/2014,108.16
3/02/2014,106.55
4/02/2014,107.04
5/02/2014,106.81
6/02/2014,108.15
7/02/2014,110.12
10/02/2014,110.18
11/02/2014,109.21
12/02/2014,108.62
13/02/2014,108.98
14/02/2014,108.63
18/02/2014,110.14
19/02/2014,110.37
20/02/2014,109.42
21/02/2014,109.03
24/02/2014,109.76
25/02/2014,109.19
26/02/2014,109.39
27/02/2014,108.54
28/02/2014,108.98
3/03/2014,111.26
4/03/2014,109.17
5/03/2014,108.15
6/03/2014,107.99
7/03/2014,109.14
10/03/2014,108.27
11/03/2014,108.35
12/03/2014,107.88
13/03/2014,107.48
14/03/2014,108.08
17/03/2014,106.99
18/03/2014,106.79
19/03/2014,105.95
20/03/2014,105.73
21/03/2014,107.2
24/03/2014,106.59
25/03/2014,107.01
26/03/2014,105.9
27/03/2014,106.58
28/03/2014,106.64
31/03/2014,105.95
1/04/2014,105.7
2/04/2014,103.37
3/04/2014,104.88
4/04/2014,106.41
7/04/2014,104.89
8/04/2014,105.83
9/04/2014,107.39
10/04/2014,107.1
11/04/2014,107.34
14/04/2014,107.68
15/04/2014,109.1
16/04/2014,109.71
17/04/2014,109.79
21/04/2014,109.69
22/04/2014,108.54
23/04/2014,108.48
24/04/2014,109.79
25/04/2014,109.53
28/04/2014,109.12
29/04/2014,109.89
30/04/2014,108.63
1/05/2014,108.63
2/05/2014,109.48
5/05/2014,109.48
6/05/2014,108.3
7/05/2014,108.17
8/05/2014,108.19
9/05/2014,108.26
12/05/2014,108.37
13/05/2014,108.78
14/05/2014,109.87
15/05/2014,109.74
16/05/2014,110.9
19/05/2014,110.84
20/05/2014,110.35
21/05/2014,111.32
22/05/2014,110.89
23/05/2014,110.19
26/05/2014,110.01
27/05/2014,109.81
28/05/2014,109.09
29/05/2014,109.98
30/05/2014,109.21
2/06/2014,109.34
3/06/2014,108.87
4/06/2014,109.07
5/06/2014,108.43
6/06/2014,109.21
9/06/2014,110.55
10/06/2014,109.18
11/06/2014,109.83
12/06/2014,112.18
13/06/2014,113.15
16/06/2014,113.42
17/06/2014,114.02
18/06/2014,114.25
19/06/2014,115.19
20/06/2014,114.55
23/06/2014,113.62
24/06/2014,113.74
25/06/2014,112.84
26/06/2014,112.61
27/06/2014,112.62
30/06/2014,111.03
1/07/2014,110.84
2/07/2014,110.18
3/07/2014,108.98
7/07/2014,108.7
8/07/2014,107.65
9/07/2014,106.84
10/07/2014,106.2
11/07/2014,105.77
14/07/2014,104.73
15/07/2014,104.73
16/07/2014,105.41
17/07/2014,106.04
18/07/2014,106.03
21/07/2014,105.71
22/07/2014,106.48
23/07/2014,106.85
24/07/2014,105.78
25/07/2014,106.89
28/07/2014,106.7
29/07/2014,106.98
30/07/2014,106.47
31/07/2014,104.94
1/08/2014,103.45
4/08/2014,103.63
5/08/2014,102.82
6/08/2014,104.17
7/08/2014,104.02
8/08/2014,103.36
11/08/2014,103.47
12/08/2014,101.68
13/08/2014,102.27
14/08/2014,101.15
15/08/2014,101.13
18/08/2014,99.37
19/08/2014,99.74
20/08/2014,99.92
21/08/2014,100.28
22/08/2014,100.09
25/08/2014,100.49
26/08/2014,100.5
27/08/2014,100.4
28/08/2014,100.71
29/08/2014,101.12
2/09/2014,100.21
3/09/2014,100.88
4/09/2014,101.21
5/09/2014,99.51
8/09/2014,99.53
9/09/2014,98.08
10/09/2014,96.26
11/09/2014,96.42
12/09/2014,96.31
15/09/2014,96.43
16/09/2014,97.39
17/09/2014,97.7
18/09/2014,96.82
19/09/2014,96.75
22/09/2014,95.37
23/09/2014,94.87
24/09/2014,94.53
25/09/2014,95.2
26/09/2014,95.08
29/09/2014,95.7
30/09/2014,94.67
1/10/2014,94.57
2/10/2014,91.29
3/10/2014,90.8
6/10/2014,90.65
7/10/2014,90.9
8/10/2014,90.25
9/10/2014,90.47
10/10/2014,88.66
13/10/2014,87.82
14/10/2014,86.36
15/10/2014,84.02
16/10/2014,84.02
17/10/2014,85.27
20/10/2014,84.42
21/10/2014,85.17
22/10/2014,86.38
23/10/2014,85.94
24/10/2014,86
27/10/2014,85.64
28/10/2014,85.57
29/10/2014,86.91
30/10/2014,85.5
31/10/2014,84.17
3/11/2014,84.9
4/11/2014,82.12
5/11/2014,82.88
6/11/2014,82.08
7/11/2014,83.2
10/11/2014,82.9
11/11/2014,80.94
12/11/2014,80.42
13/11/2014,77.74
14/11/2014,77.51
17/11/2014,76.86
18/11/2014,77.23
19/11/2014,77.21
20/11/2014,77.61
21/11/2014,79.2
24/11/2014,79.62
25/11/2014,77.62
26/11/2014,77.39
28/11/2014,71.89
1/12/2014,70.87
2/12/2014,71.13
3/12/2014,70.13
4/12/2014,68.48
5/12/2014,68
8/12/2014,65.64
9/12/2014,66.11
10/12/2014,63.32
11/12/2014,63.65
12/12/2014,61.67
15/12/2014,61.09
16/12/2014,60.26
17/12/2014,59.84
18/12/2014,58.81
19/12/2014,58.87
22/12/2014,58.31
23/12/2014,59.07
24/12/2014,58.67
26/12/2014,58.72
29/12/2014,57.86
30/12/2014,55.6
31/12/2014,55.27
2/01/2015,55.38
5/01/2015,51.08
6/01/2015,50.12
7/01/2015,49.06
8/01/2015,49.43
9/01/2015,47.64
12/01/2015,46.9
13/01/2015,45.13
14/01/2015,45.82
15/01/2015,47.66
16/01/2015,47.38
20/01/2015,46.49
21/01/2015,46.5
22/01/2015,46.09
23/01/2015,46.69
26/01/2015,46.07
27/01/2015,46.55
28/01/2015,47.07
29/01/2015,46.61
30/01/2015,47.52
2/02/2015,51.74
3/02/2015,54.41
4/02/2015,55.07
5/02/2015,55.98
6/02/2015,55.88
9/02/2015,57
10/02/2015,55.79
11/02/2015,53.48
12/02/2015,56.23
13/02/2015,60.33
16/02/2015,61.57
17/02/2015,60.78
18/02/2015,60.72
19/02/2015,58.78
20/02/2015,60.99
23/02/2015,59.78
24/02/2015,60.33
25/02/2015,59.77
26/02/2015,61.39
27/02/2015,61.89
2/03/2015,60.75
3/03/2015,61.18
4/03/2015,59.18
5/03/2015,60.33
6/03/2015,59.15
9/03/2015,58.67
10/03/2015,55.95
11/03/2015,56.46
12/03/2015,56.66
13/03/2015,54.8
16/03/2015,52
17/03/2015,52.17
18/03/2015,52.59
19/03/2015,52.96
20/03/2015,53.88
23/03/2015,53.82
24/03/2015,53.61
25/03/2015,54.18
26/03/2015,57.02
27/03/2015,56.44
30/03/2015,53.99
31/03/2015,53.69
1/04/2015,55.73
2/04/2015,55.73
6/04/2015,55.73
7/04/2015,57.55
8/04/2015,56.42
9/04/2015,56.04
10/04/2015,56.82
13/04/2015,57.14
14/04/2015,57.69
15/04/2015,59.32
16/04/2015,60.13
17/04/2015,61.31
20/04/2015,61.2
21/04/2015,60.12
22/04/2015,60.12
23/04/2015,62.66
24/04/2015,62.96
27/04/2015,62.86
28/04/2015,62.61
29/04/2015,63.97
30/04/2015,63.9
1/05/2015,64.13
4/05/2015,64.62
5/05/2015,65.44
6/05/2015,66.22
7/05/2015,64.93
8/05/2015,63.82
11/05/2015,62.82
12/05/2015,65.09
13/05/2015,66.33
14/05/2015,65.58
15/05/2015,64.69
18/05/2015,65.15
19/05/2015,63.48
20/05/2015,63.52
21/05/2015,64.7
22/05/2015,64.7
26/05/2015,61.65
27/05/2015,61.35
28/05/2015,60.12
29/05/2015,63.16
1/06/2015,62.87
2/06/2015,63.14
3/06/2015,62.78
4/06/2015,60.34
5/06/2015,60.36
8/06/2015,61.33
9/06/2015,63.23
10/06/2015,64.68
11/06/2015,63.76
12/06/2015,63.19
15/06/2015,60.99
16/06/2015,60.75
17/06/2015,60.75
18/06/2015,61.37
19/06/2015,59.41
22/06/2015,60.54
23/06/2015,61.67
24/06/2015,61.63
25/06/2015,60.24
26/06/2015,60.14
29/06/2015,59.03
30/06/2015,60.31
1/07/2015,61.65
2/07/2015,61.73
3/07/2015,59.06
6/07/2015,57.19
7/07/2015,54.72
8/07/2015,55.7
9/07/2015,57.83
10/07/2015,57.72
13/07/2015,57.63
14/07/2015,57.2
15/07/2015,57.34
16/07/2015,57.31
17/07/2015,56.38
20/07/2015,56.42
21/07/2015,55.94
22/07/2015,56.36
23/07/2015,55.76
24/07/2015,54.29
27/07/2015,54.07
28/07/2015,54.3
29/07/2015,54.73
30/07/2015,54.29
31/07/2015,53.29
3/08/2015,49.49
4/08/2015,49.08
5/08/2015,49.04
6/08/2015,47.8
7/08/2015,47.54
10/08/2015,48.3
11/08/2015,47.33
12/08/2015,48.29
13/08/2015,48.01
14/08/2015,47.79
17/08/2015,47.77
18/08/2015,47
19/08/2015,45.75
20/08/2015,45.63
21/08/2015,43.84
24/08/2015,41.59
25/08/2015,41.86
26/08/2015,41.76
27/08/2015,44.46
28/08/2015,47.97
1/09/2015,48.8
2/09/2015,47.67
3/09/2015,50.41
4/09/2015,48.59
7/09/2015,46.42
8/09/2015,48.88
9/09/2015,48.04
10/09/2015,47.77
11/09/2015,46.87
14/09/2015,45.87
15/09/2015,45.91
16/09/2015,49.35
17/09/2015,48.27
18/09/2015,47.28
21/09/2015,47.64
22/09/2015,46.69
23/09/2015,48
24/09/2015,47.06
25/09/2015,47.28
28/09/2015,46.04
29/09/2015,47.58
30/09/2015,47.29
1/10/2015,47.48
2/10/2015,46.55
5/10/2015,49.45
6/10/2015,51.34
7/10/2015,51.66
8/10/2015,52.13
9/10/2015,52.08
12/10/2015,50.95
13/10/2015,48.94
14/10/2015,48.25
15/10/2015,47.87
16/10/2015,48.96
19/10/2015,47.51
20/10/2015,46.93
21/10/2015,46.72
22/10/2015,46.59
23/10/2015,46.3
26/10/2015,46.57
27/10/2015,45.54
28/10/2015,47.6
29/10/2015,48.04
30/10/2015,48
2/11/2015,47.91
3/11/2015,48
4/11/2015,46.96
5/11/2015,47.19
6/11/2015,46.09
9/11/2015,45.38
10/11/2015,46.44
11/11/2015,44.98
12/11/2015,44.98
13/11/2015,41.98
16/11/2015,40.28
17/11/2015,41.28
18/11/2015,41.45
19/11/2015,42.22
20/11/2015,42.49
23/11/2015,43.7
24/11/2015,44.38
25/11/2015,43.56
26/11/2015,43.55
27/11/2015,43.07
30/11/2015,43.73
1/12/2015,42.97
2/12/2015,41.92
3/12/2015,42
4/12/2015,41.44
7/12/2015,39.69
8/12/2015,39.44
9/12/2015,39.04
10/12/2015,38.65
11/12/2015,36.99
14/12/2015,36.51
15/12/2015,37.66
16/12/2015,36.96
17/12/2015,36.29
18/12/2015,36.76
21/12/2015,35.34
22/12/2015,35.26
23/12/2015,35.79
24/12/2015,37.22
28/12/2015,37.08
29/12/2015,36.85
30/12/2015,35.65
31/12/2015,36.61
4/01/2016,36.28
5/01/2016,35.56
6/01/2016,33.89
7/01/2016,33.57
8/01/2016,31.67
11/01/2016,30.14
12/01/2016,29.14
13/01/2016,28.58
14/01/2016,28.84
15/01/2016,28.8
18/01/2016,27.36
19/01/2016,27.36
20/01/2016,26.01
21/01/2016,27.59
22/01/2016,30.46
25/01/2016,29.82
26/01/2016,30.94
27/01/2016,31.83
28/01/2016,33.01
29/01/2016,33.14
1/02/2016,32.45
2/02/2016,30.98
3/02/2016,32.38
4/02/2016,32.76
5/02/2016,32.35
8/02/2016,31.64
9/02/2016,30.15
10/02/2016,29.64
11/02/2016,28.82
12/02/2016,31.8
16/02/2016,31.09
17/02/2016,33.21
18/02/2016,33.2
19/02/2016,31.66
22/02/2016,33.59
23/02/2016,31.9
24/02/2016,31.5
25/02/2016,32.83
26/02/2016,35.76
29/02/2016,35.92
1/03/2016,35.73
2/03/2016,36.38
3/03/2016,35.75
4/03/2016,37.61
7/03/2016,39.02
8/03/2016,39.16
9/03/2016,40.26
10/03/2016,38.63
11/03/2016,39.41
14/03/2016,38.06
15/03/2016,37.49
16/03/2016,38.38
17/03/2016,39.29
18/03/2016,39.26
21/03/2016,39.91
22/03/2016,40.54
23/03/2016,38.84
24/03/2016,38.33
28/03/2016,38.33
29/03/2016,36.75
30/03/2016,36.75
31/03/2016,36.75
1/04/2016,36.42
4/04/2016,36.05
5/04/2016,35.88
6/04/2016,37.77
7/04/2016,37.15
8/04/2016,40.71
11/04/2016,41.58
12/04/2016,43.02
13/04/2016,42.81
14/04/2016,43.02
15/04/2016,41.32
18/04/2016,41.64
19/04/2016,43.02
20/04/2016,43.09
21/04/2016,43.48
22/04/2016,43.97
25/04/2016,42.97
26/04/2016,43.94
27/04/2016,44.17
28/04/2016,45.6
29/04/2016,45.64
2/05/2016,45.82
3/05/2016,43.09
4/05/2016,43.08
5/05/2016,44.39
6/05/2016,44.6
9/05/2016,42.43
10/05/2016,44.01
11/05/2016,46.08
12/05/2016,46.43
13/05/2016,47.05
16/05/2016,48.49
17/05/2016,48.71
18/05/2016,48.93
19/05/2016,47.01
20/05/2016,48.54
23/05/2016,47.77
24/05/2016,48.42
25/05/2016,48.87
26/05/2016,49.52
27/05/2016,49.09
31/05/2016,49.26
1/06/2016,48.81
2/06/2016,49.05
3/06/2016,48.5
6/06/2016,48.94
7/06/2016,49.76
8/06/2016,50.73
9/06/2016,50.59
10/06/2016,49.7
13/06/2016,49.36
14/06/2016,47.88
15/06/2016,47.47
16/06/2016,45.66
17/06/2016,46.57
20/06/2016,48.68
21/06/2016,48.18
22/06/2016,48.43
23/06/2016,48.63
24/06/2016,46.69
27/06/2016,45.07
28/06/2016,46.29
29/06/2016,48.4
30/06/2016,48.05
1/07/2016,47.65
4/07/2016,48.02
5/07/2016,45.64
6/07/2016,45.7
7/07/2016,45.93
8/07/2016,44.53
11/07/2016,44.04
12/07/2016,46.72
13/07/2016,44.67
14/07/2016,46.01
15/07/2016,46.25
18/07/2016,45.35
19/07/2016,45.7
20/07/2016,45.82
21/07/2016,44.99
22/07/2016,44.24
25/07/2016,43.76
26/07/2016,43.56
27/07/2016,42.78
28/07/2016,41.87
29/07/2016,40.76
1/08/2016,40.17
2/08/2016,40
3/08/2016,40.45
4/08/2016,41.33
5/08/2016,42.47
8/08/2016,43.24
9/08/2016,43.37
10/08/2016,42.19
11/08/2016,44.23
12/08/2016,45.12
15/08/2016,47.31
16/08/2016,48.27
17/08/2016,48.58
18/08/2016,49.46
19/08/2016,49.39
22/08/2016,48.1
23/08/2016,48.7
24/08/2016,47.56
25/08/2016,49.25
26/08/2016,49.66
29/08/2016,49.66
30/08/2016,47.94
31/08/2016,47.94
1/09/2016,45.05
2/09/2016,45.96
5/09/2016,46.72
6/09/2016,46.21
7/09/2016,47
8/09/2016,49.23
9/09/2016,48.37
12/09/2016,47.82
13/09/2016,46.48
14/09/2016,45.65
15/09/2016,45.83
16/09/2016,45.26
19/09/2016,46.04
20/09/2016,45.24
21/09/2016,45.99
22/09/2016,47.21
23/09/2016,46.71
26/09/2016,46.61
27/09/2016,44.95
28/09/2016,45.49
29/09/2016,48.43
30/09/2016,48.24
3/10/2016,48.61
4/10/2016,48.81
5/10/2016,49.57
6/10/2016,50.14
7/10/2016,50.49
10/10/2016,51.54
11/10/2016,50.48
12/10/2016,49.53
13/10/2016,49.29
14/10/2016,48.87
17/10/2016,49.31
18/10/2016,49.81
19/10/2016,51.85
20/10/2016,50.42
21/10/2016,50.28
24/10/2016,49.8
25/10/2016,49.08
26/10/2016,48.98
27/10/2016,49.13
28/10/2016,47.78
31/10/2016,46.2
1/11/2016,45.77
2/11/2016,44.26
3/11/2016,43.84
4/11/2016,43.06
7/11/2016,42.83
8/11/2016,43.47
9/11/2016,43.88
10/11/2016,43.67
11/11/2016,41.61
14/11/2016,41.83
15/11/2016,44.15
16/11/2016,45.07
17/11/2016,44.57
18/11/2016,44.41
21/11/2016,45.96
22/11/2016,46.1
23/11/2016,46.54
24/11/2016,47.54
25/11/2016,46.32
28/11/2016,46.64
29/11/2016,44.68
30/11/2016,47.95
1/12/2016,52.28
2/12/2016,52.35
5/12/2016,53.3
6/12/2016,52.31
7/12/2016,51.9
8/12/2016,51.6
9/12/2016,52.19
12/12/2016,53.99
13/12/2016,53.28
14/12/2016,53.15
15/12/2016,51.72
16/12/2016,54.15
19/12/2016,53.53
20/12/2016,54.56
21/12/2016,53.01
22/12/2016,54.04
23/12/2016,53.93
28/12/2016,54.95
29/12/2016,54.97
30/12/2016,54.96
3/01/2017,55.05
4/01/2017,54.57
5/01/2017,54.99
6/01/2017,55.9
9/01/2017,54.39
10/01/2017,53.2
11/01/2017,53.61
12/01/2017,54.51
13/01/2017,54.37
16/01/2017,54.3
17/01/2017,54.68
18/01/2017,53.77
19/01/2017,53.18
20/01/2017,55.04
23/01/2017,54.8
24/01/2017,54.7
25/01/2017,54.34
26/01/2017,55.89
27/01/2017,54.8
30/01/2017,54.77
31/01/2017,55.25
1/02/2017,55.79
2/02/2017,55.94
3/02/2017,55.92
6/02/2017,55.02
7/02/2017,53.79
8/02/2017,54.42
9/02/2017,53.98
10/02/2017,55.2
13/02/2017,54.15
14/02/2017,54.96
15/02/2017,54.57
16/02/2017,54.16
17/02/2017,54.48
20/02/2017,55.25
21/02/2017,56.34
22/02/2017,54.9
23/02/2017,55.82
24/02/2017,54.69
27/02/2017,54.65
28/02/2017,53.36
1/03/2017,55.72
2/03/2017,54.16
3/03/2017,54.12
6/03/2017,54.73
7/03/2017,54.61
8/03/2017,53.3
9/03/2017,50.65
10/03/2017,50.63
13/03/2017,50.1
14/03/2017,49.6
15/03/2017,50.63
16/03/2017,50.56
17/03/2017,50.58
20/03/2017,50.67
21/03/2017,50.14
22/03/2017,49.56
23/03/2017,50.17
24/03/2017,49.97
27/03/2017,50.12
28/03/2017,50.72
29/03/2017,51.36
30/03/2017,52.25
31/03/2017,52.2
3/04/2017,52.04
4/04/2017,53.08
5/04/2017,53.41
6/04/2017,53.62
7/04/2017,54.24
10/04/2017,54.79
11/04/2017,54.73
12/04/2017,54.75
13/04/2017,55.05
17/04/2017,54.79
18/04/2017,52.6
19/04/2017,52.43
20/04/2017,50.66
21/04/2017,49.93
24/04/2017,49.45
25/04/2017,49.37
26/04/2017,49.99
27/04/2017,49.46
28/04/2017,49.46
1/05/2017,50.41
2/05/2017,49.31
3/05/2017,48.82
4/05/2017,47.53
5/05/2017,47.45
8/05/2017,46.61
9/05/2017,47.06
10/05/2017,48.09
11/05/2017,49.18
12/05/2017,49.08
15/05/2017,51.29
16/05/2017,51.21
17/05/2017,51.76
18/05/2017,51.71
19/05/2017,52.78
22/05/2017,53.35
23/05/2017,53.19
24/05/2017,53.29
25/05/2017,52.25
26/05/2017,50.84
29/05/2017,52.25
30/05/2017,50.65
31/05/2017,49.4
1/06/2017,50.41
2/06/2017,48.46
5/06/2017,48.25
6/06/2017,48.11
7/06/2017,47.08
8/06/2017,46.3
9/06/2017,46.64
12/06/2017,47.18
13/06/2017,46.95
14/06/2017,45.47
15/06/2017,45.61
16/06/2017,45.7
19/06/2017,45.93
20/06/2017,43.98
21/06/2017,44.62
22/06/2017,44.46
23/06/2017,44.14
26/06/2017,44.09
27/06/2017,46.17
28/06/2017,46.45
29/06/2017,47.02
30/06/2017,47.08
3/07/2017,49.13
4/07/2017,49.15
5/07/2017,47.58
6/07/2017,48.53
7/07/2017,46.47
10/07/2017,46.57
11/07/2017,46.68
12/07/2017,46.73
13/07/2017,47.65
14/07/2017,47.89
17/07/2017,47.66
18/07/2017,47.92
19/07/2017,48.34
20/07/2017,48.54
21/07/2017,47.47
24/07/2017,47.81
25/07/2017,49.19
26/07/2017,50.08
27/07/2017,50.67
28/07/2017,52
31/07/2017,51.99
1/08/2017,50.77
2/08/2017,52.09
3/08/2017,52.88
4/08/2017,52.48
7/08/2017,51.42
8/08/2017,52.18
9/08/2017,52.16
10/08/2017,52.59
11/08/2017,51.47
14/08/2017,51.29
15/08/2017,49.9
16/08/2017,50.39
17/08/2017,50.37
18/08/2017,50.96
21/08/2017,51.94
22/08/2017,52.29
23/08/2017,52.31
24/08/2017,51.73
25/08/2017,51.87
28/08/2017,51.87
29/08/2017,51.64
30/08/2017,51.91
31/08/2017,52.69
1/09/2017,53.15
4/09/2017,52.6
5/09/2017,53.63
6/09/2017,54.48
7/09/2017,54.16
8/09/2017,54.55
11/09/2017,54.2
12/09/2017,55.06
13/09/2017,55.52
14/09/2017,56.76
15/09/2017,56.18
18/09/2017,55.5
19/09/2017,56.58
20/09/2017,57.2
21/09/2017,57.73
22/09/2017,58.16
25/09/2017,59.42
26/09/2017,59.77
27/09/2017,58.74
28/09/2017,58.8
29/09/2017,57.02
2/10/2017,55.67
3/10/2017,56.12
4/10/2017,56
5/10/2017,57.09
6/10/2017,55.5
9/10/2017,55.29
10/10/2017,56.62
11/10/2017,56.13
12/10/2017,56.13
13/10/2017,56.86
16/10/2017,57.49
17/10/2017,57.63
18/10/2017,58.05
19/10/2017,57.82
20/10/2017,57.89
23/10/2017,57.69
24/10/2017,57.84
25/10/2017,58.45
26/10/2017,58.75
27/10/2017,60.15
30/10/2017,60.65
31/10/2017,61.35
1/11/2017,60.98
2/11/2017,60.79
3/11/2017,61.42
6/11/2017,64.27
7/11/2017,64.36
8/11/2017,63.96
9/11/2017,64.49
10/11/2017,64.35
13/11/2017,62.94
14/11/2017,60.91
15/11/2017,61.25
16/11/2017,61.18
17/11/2017,61.34
20/11/2017,61.34
21/11/2017,62.28
22/11/2017,62.92
23/11/2017,63.27
24/11/2017,63.58
27/11/2017,63.25
28/11/2017,63.56
29/11/2017,63.74
30/11/2017,63.53
1/12/2017,64.57
4/12/2017,63.45
5/12/2017,63.45
6/12/2017,62.25
7/12/2017,62.37
8/12/2017,63.86
11/12/2017,65.62
12/12/2017,64.96
13/12/2017,63.66
14/12/2017,63.72
15/12/2017,63.81
18/12/2017,64.45
19/12/2017,63.69
20/12/2017,64.43
21/12/2017,64.64
22/12/2017,64.61
27/12/2017,66.03
28/12/2017,66.8
29/12/2017,66.73
2/01/2018,66.65
3/01/2018,67.85
4/01/2018,68.73
5/01/2018,68.01
8/01/2018,68.48
9/01/2018,69.08
10/01/2018,69.79
11/01/2018,70.36
12/01/2018,69.64
15/01/2018,70.31
16/01/2018,69.4
17/01/2018,69.19
18/01/2018,69.48
19/01/2018,68.56
22/01/2018,69.32
23/01/2018,69.81
24/01/2018,69.91
25/01/2018,71.08
26/01/2018,70.08
29/01/2018,68.41
30/01/2018,67.78
31/01/2018,67.78
1/02/2018,68.6
2/02/2018,67.45
5/02/2018,67.69
6/02/2018,66.75
7/02/2018,65.74
8/02/2018,64.26
9/02/2018,63.04
12/02/2018,62.2
13/02/2018,61.94
14/02/2018,62.29
15/02/2018,62.86
16/02/2018,64.3
19/02/2018,64.95
20/02/2018,64.68
21/02/2018,64.81
22/02/2018,66.12
23/02/2018,67.04
26/02/2018,67.96
27/02/2018,67.59
28/02/2018,66.08
1/03/2018,64.23
2/03/2018,64.26
5/03/2018,65.78
6/03/2018,65.67
7/03/2018,65.09
8/03/2018,63.87
9/03/2018,65.19
12/03/2018,64.53
13/03/2018,64.2
14/03/2018,63.61
15/03/2018,63.67
16/03/2018,64.68
19/03/2018,64.82
20/03/2018,66
21/03/2018,68.15
22/03/2018,68.98
23/03/2018,69.03
26/03/2018,68.81
27/03/2018,68.63
28/03/2018,68.13
29/03/2018,69.02
3/04/2018,69.02
4/04/2018,66.04
5/04/2018,66.54
6/04/2018,66.51
9/04/2018,68.19
10/04/2018,70.67
11/04/2018,72.74
12/04/2018,71.44
13/04/2018,73.18
16/04/2018,72.05
17/04/2018,71.71
18/04/2018,73.73
19/04/2018,74.85
20/04/2018,74.62
23/04/2018,74.54
24/04/2018,75.86
25/04/2018,73.79
26/04/2018,75.39
27/04/2018,75.33
30/04/2018,75.92
1/05/2018,74.85
2/05/2018,73.14
3/05/2018,73.45
4/05/2018,74.75
8/05/2018,74.16
9/05/2018,77.6
10/05/2018,77.59
11/05/2018,77.37
14/05/2018,78.17
15/05/2018,78.94
16/05/2018,78.19
17/05/2018,80.09
18/05/2018,78.38
21/05/2018,78.34
22/05/2018,80.42
23/05/2018,78.69
24/05/2018,78.9
25/05/2018,76.6
29/05/2018,74.51
30/05/2018,75.89
31/05/2018,76.45
1/06/2018,74.54
4/06/2018,73.41
5/06/2018,72.91
6/06/2018,73.23
7/06/2018,75.23
8/06/2018,75.11
11/06/2018,74.58
12/06/2018,74.86
13/06/2018,75.07
14/06/2018,74.77
15/06/2018,72.02
18/06/2018,74.87
19/06/2018,74.92
20/06/2018,74.25
21/06/2018,72.87
22/06/2018,73.67
25/06/2018,72.82
26/06/2018,73.58
27/06/2018,76.09
28/06/2018,76.26
29/06/2018,77.44
2/07/2018,76.71
3/07/2018,75.87
4/07/2018,76.99
5/07/2018,77.09
6/07/2018,74.98
9/07/2018,77.08
10/07/2018,77.8
11/07/2018,75.35
12/07/2018,72.11
13/07/2018,74.11
16/07/2018,71.03
17/07/2018,70.87
18/07/2018,70.52
19/07/2018,71.94
20/07/2018,71.99
23/07/2018,73.45
24/07/2018,73.53
25/07/2018,73.67
26/07/2018,74.51
27/07/2018,74.84
30/07/2018,74.99
31/07/2018,74.16
1/08/2018,72.28
2/08/2018,72.95
3/08/2018,72.48
6/08/2018,72.51
7/08/2018,72.31
8/08/2018,70.71
9/08/2018,70.55
10/08/2018,71
13/08/2018,70.62
14/08/2018,70.77
15/08/2018,68.38
16/08/2018,69.21
17/08/2018,70.14
20/08/2018,71.11
21/08/2018,71.65
22/08/2018,72.96
23/08/2018,73.73
24/08/2018,74.41
27/08/2018,74.41
28/08/2018,75.91
29/08/2018,76.07
30/08/2018,77.05
31/08/2018,76.94
3/09/2018,77.81
4/09/2018,77.51
5/09/2018,76.68
6/09/2018,75.67
7/09/2018,75.55
10/09/2018,76.77
11/09/2018,78.22
12/09/2018,80.02
13/09/2018,77.66
14/09/2018,77.87
17/09/2018,78.22
18/09/2018,79.25
19/09/2018,79.43
20/09/2018,79.03
21/09/2018,78.9
24/09/2018,80.89
25/09/2018,82.21
26/09/2018,81.87
27/09/2018,81.54
28/09/2018,82.72
1/10/2018,84.94
2/10/2018,85.63
3/10/2018,85.45
4/10/2018,86.07
5/10/2018,85.12
8/10/2018,84.22
9/10/2018,85.16
10/10/2018,83.82
11/10/2018,81.35
12/10/2018,80.71
15/10/2018,80.91
16/10/2018,80.53
17/10/2018,79.91
18/10/2018,80.3
19/10/2018,80.38
22/10/2018,80.45
23/10/2018,78.67
24/10/2018,77.34
25/10/2018,77.3
26/10/2018,77.4
29/10/2018,77.56
30/10/2018,75.68
31/10/2018,74.84
1/11/2018,71.25
2/11/2018,71.11
5/11/2018,72.68
6/11/2018,70.64
7/11/2018,70.1
8/11/2018,69.29
9/11/2018,69.01
12/11/2018,69.81
13/11/2018,65.45
14/11/2018,64.88
15/11/2018,65.61
16/11/2018,65.29
19/11/2018,64.14
20/11/2018,61.5
21/11/2018,61.65
22/11/2018,61.11
23/11/2018,57.69
26/11/2018,59.7
27/11/2018,59.58
28/11/2018,57.97
29/11/2018,58.29
30/11/2018,57.71
3/12/2018,60.17
4/12/2018,61.22
5/12/2018,61.4
6/12/2018,57.83
7/12/2018,61.71
10/12/2018,60.29
11/12/2018,59.73
12/12/2018,59.94
13/12/2018,59.03
14/12/2018,58.56
17/12/2018,57.59
18/12/2018,55.26
19/12/2018,55.6
20/12/2018,52.84
21/12/2018,51.93
27/12/2018,51.49
28/12/2018,50.57
2/01/2019,54.06
3/01/2019,53.23
4/01/2019,55.64
7/01/2019,57.1
8/01/2019,56.91
9/01/2019,59.46
10/01/2019,60.47
11/01/2019,59.24
14/01/2019,58.8
15/01/2019,58.65
16/01/2019,59.81
17/01/2019,59.85
18/01/2019,62.04
21/01/2019,62.18
22/01/2019,60.9
23/01/2019,61.05
24/01/2019,61.09
25/01/2019,61.49
28/01/2019,59.71
29/01/2019,60.98
30/01/2019,61.89
31/01/2019,62.46
1/02/2019,61.86
4/02/2019,62.26
5/02/2019,61.67
6/02/2019,62.22
7/02/2019,61.01
8/02/2019,61.37
11/02/2019,61.3
12/02/2019,62.58
13/02/2019,63.27
14/02/2019,64
15/02/2019,65.65
18/02/2019,66.41
19/02/2019,65.86
20/02/2019,66.82
21/02/2019,66.91
22/02/2019,66.91
25/02/2019,64.02
26/02/2019,64.51
27/02/2019,65.55
28/02/2019,65.03
1/03/2019,63.71
4/03/2019,64.44
5/03/2019,64.24
6/03/2019,64.51
7/03/2019,64.82
8/03/2019,65.66
11/03/2019,65.06
12/03/2019,65.33
13/03/2019,65.89
14/03/2019,66.18
15/03/2019,66.11
18/03/2019,66.65
19/03/2019,67.13
20/03/2019,68.35
21/03/2019,68.3
22/03/2019,66.29
25/03/2019,67.37
26/03/2019,67.51
27/03/2019,67.35
28/03/2019,66.08
29/03/2019,67.93
1/04/2019,69.08
2/04/2019,69.68
3/04/2019,69.21
4/04/2019,69.8
5/04/2019,69.93
8/04/2019,71.12
9/04/2019,71.02
10/04/2019,71.63
11/04/2019,71.3
12/04/2019,71.57
15/04/2019,70.9
16/04/2019,70.74
17/04/2019,71.14
18/04/2019,70.71
22/04/2019,70.71
23/04/2019,74.39
24/04/2019,73.59
25/04/2019,74.94
26/04/2019,71.03
29/04/2019,71.22
30/04/2019,72.19
1/05/2019,72.01
2/05/2019,70.56
3/05/2019,71.95
6/05/2019,71.95
7/05/2019,70.98
8/05/2019,71.09
9/05/2019,70.61
10/05/2019,71.63
13/05/2019,72.35
14/05/2019,72.53
15/05/2019,73.09
16/05/2019,74.7
17/05/2019,73.94
20/05/2019,73.21
21/05/2019,72.94
22/05/2019,71.94
23/05/2019,68.37
24/05/2019,67.98
28/05/2019,70.19
29/05/2019,70.64
30/05/2019,69.55
31/05/2019,66.78
3/06/2019,63.16
4/06/2019,63.56
5/06/2019,62.14
6/06/2019,62.77
7/06/2019,64.1
10/06/2019,64.31
11/06/2019,63.56
12/06/2019,61.66
13/06/2019,63.28
14/06/2019,63.13
17/06/2019,62.56
18/06/2019,63.35
19/06/2019,62.85
20/06/2019,65.44
21/06/2019,65.99
24/06/2019,65.16
25/06/2019,66.24
26/06/2019,66.85
27/06/2019,66.78
28/06/2019,67.52
1/07/2019,65.1
2/07/2019,62.72
3/07/2019,63.53
4/07/2019,63.62
5/07/2019,64.23
8/07/2019,64.89
9/07/2019,64.3
10/07/2019,66.41
11/07/2019,67.64
12/07/2019,66.65
15/07/2019,66.86
16/07/2019,65.87
17/07/2019,63.67
18/07/2019,60.7
19/07/2019,61.04
22/07/2019,61.96
23/07/2019,62.28
24/07/2019,63.83
25/07/2019,63.47
26/07/2019,62.46
29/07/2019,62.29
30/07/2019,62.55
31/07/2019,64.07
1/08/2019,62.9
2/08/2019,61.12
5/08/2019,59.32
6/08/2019,58.63
7/08/2019,55.03
8/08/2019,56.29
9/08/2019,57.37
12/08/2019,57.13
13/08/2019,59.9
14/08/2019,57.86
15/08/2019,57.37
16/08/2019,59
19/08/2019,59.79
20/08/2019,59.03
21/08/2019,60.6
22/08/2019,59.81
23/08/2019,58.64
26/08/2019,58.64
27/08/2019,58.44
28/08/2019,60.42
29/08/2019,60.59
30/08/2019,61.04
2/09/2019,58.55
3/09/2019,57.93
4/09/2019,60.68
5/09/2019,62.7
6/09/2019,61.28
9/09/2019,63.99
10/09/2019,64.67
11/09/2019,63.02
12/09/2019,60.76
13/09/2019,61.25
16/09/2019,68.42
17/09/2019,65.59
18/09/2019,64.29
19/09/2019,64.25
20/09/2019,65.23
23/09/2019,64.66
24/09/2019,64.13
25/09/2019,62.41
26/09/2019,62.08
27/09/2019,62.48
30/09/2019,60.99
1/10/2019,60.06
2/10/2019,57.92
3/10/2019,58.01
4/10/2019,59.13
7/10/2019,59.46
8/10/2019,58.14
9/10/2019,59.7
10/10/2019,59.08
11/10/2019,60.59
14/10/2019,58.81
15/10/2019,59.19
16/10/2019,59.3
17/10/2019,59.35
18/10/2019,59.96
21/10/2019,58.95
22/10/2019,60.5
23/10/2019,60.52
24/10/2019,61.71
25/10/2019,62.06
28/10/2019,60.39
29/10/2019,61.05
30/10/2019,60.22
31/10/2019,59.3
1/11/2019,60.17
4/11/2019,62.52
5/11/2019,62.72
6/11/2019,62.11
7/11/2019,62.6
8/11/2019,62
11/11/2019,62.58
12/11/2019,62.19
13/11/2019,62.27
14/11/2019,62.46
15/11/2019,63.32
18/11/2019,62.82
19/11/2019,62.37
20/11/2019,63.8
21/11/2019,64.99
22/11/2019,64.83
25/11/2019,64.67
26/11/2019,64.82
27/11/2019,65.03
28/11/2019,64.68
29/11/2019,64.5
2/12/2019,63.2
3/12/2019,62.95
4/12/2019,65.25
5/12/2019,65.67
6/12/2019,66.5
9/12/2019,66.44
10/12/2019,66.57
11/12/2019,65.37
12/12/2019,66.67
13/12/2019,67.44
16/12/2019,68.04
17/12/2019,68.99
18/12/2019,69.12
19/12/2019,69.7
20/12/2019,68.66
23/12/2019,67.49
24/12/2019,69.26
25/12/2019,69.26
26/12/2019,69.26
27/12/2019,68.91
30/12/2019,68.3
31/12/2019,67.77
1/01/2020,67.77
2/01/2020,67.05
3/01/2020,69.08
6/01/2020,70.25
7/01/2020,68.74
8/01/2020,67.31
9/01/2020,66.58
10/01/2020,66.77
13/01/2020,64.14
14/01/2020,64.45
15/01/2020,63.29
16/01/2020,64.63
17/01/2020,64.05
20/01/2020,64.63
21/01/2020,63.66
22/01/2020,62.11
23/01/2020,61.26
24/01/2020,59.34
27/01/2020,58.54
28/01/2020,59.37
29/01/2020,59.46
30/01/2020,57.72
31/01/2020,57.77
3/02/2020,54
4/02/2020,53.9
5/02/2020,55.36
6/02/2020,55.18
7/02/2020,54.53
10/02/2020,53.39
11/02/2020,54
12/02/2020,55.54
13/02/2020,56.34
14/02/2020,57.37
17/02/2020,57.83
18/02/2020,57.35
19/02/2020,59.72
20/02/2020,59.72
21/02/2020,58.6
24/02/2020,56.04
25/02/2020,56.71
26/02/2020,54.96
27/02/2020,52.19
28/02/2020,51.31
2/03/2020,52.52
3/03/2020,52.24
4/03/2020,51.86
5/03/2020,51.29
6/03/2020,45.6
9/03/2020,35.33
10/03/2020,36.66
11/03/2020,34.45
12/03/2020,31.05
13/03/2020,33
16/03/2020,28.04
17/03/2020,28.04
18/03/2020,26.93
19/03/2020,23.3
20/03/2020,25.4
23/03/2020,25.06
24/03/2020,23.75
25/03/2020,25.62
26/03/2020,23.55
27/03/2020,22.39
30/03/2020,19.07
31/03/2020,19.19
1/04/2020,14.97
2/04/2020,20.24
3/04/2020,24.33
6/04/2020,22.58
7/04/2020,22.1
8/04/2020,25.22
9/04/2020,20.23
14/04/2020,21.74
15/04/2020,19.8
16/04/2020,18.69
17/04/2020,19.75
20/04/2020,17.36
21/04/2020,9.12
"Apr 22, 2020",13.77
"Apr 23, 2020",15.06
"Apr 24, 2020",15.87
"Apr 27, 2020",15.17
"Apr 28, 2020",15.6
"Apr 29, 2020",17.86
"Apr 30, 2020",18.11
"May 01, 2020",18.49
"May 04, 2020",20.4
"May 05, 2020",25.46
"May 06, 2020",24.2
"May 07, 2020",24.23
"May 11, 2020",25.53
"May 12, 2020",26.67
"May 13, 2020",27.89
"May 14, 2020",29.87
"May 15, 2020",30.95
"May 18, 2020",33.3
"May 19, 2020",33.06
"May 20, 2020",34.76
"May 21, 2020",34.78
"May 22, 2020",33.8
"May 26, 2020",33.95
"May 27, 2020",32.73
"May 28, 2020",33.98
"May 29, 2020",34.15
"Jun 01, 2020",36.74
"Jun 02, 2020",37.72
"Jun 03, 2020",37.98
"Jun 04, 2020",38.41
"Jun 05, 2020",41
"Jun 08, 2020",39.66
"Jun 09, 2020",40.45
"Jun 10, 2020",41.18
"Jun 11, 2020",37.76
"Jun 12, 2020",38.54
"Jun 15, 2020",39.44
"Jun 16, 2020",40.75
"Jun 17, 2020",40.47
"Jun 18, 2020",41.75
"Jun 19, 2020",42.33
"Jun 22, 2020",43.2
"Jun 23, 2020",42.72
"Jun 24, 2020",40.4
"Jun 25, 2020",41.18
"Jun 26, 2020",40.97
"Jun 29, 2020",41.58
"Jun 30, 2020",41.64
"Jul 01, 2020",42.18
"Jul 02, 2020",43.19
"Jul 03, 2020",42.92
"Jul 06, 2020",42.73
"Jul 07, 2020",43.28
"Jul 08, 2020",43.67
"Jul 09, 2020",42.35
"Jul 10, 2020",43.27
"Jul 13, 2020",42.85
"Jul 14, 2020",42.97
"Jul 15, 2020",43.96
"Jul 16, 2020",43.71
"Jul 17, 2020",43.53
"Jul 20, 2020",43.3
"Jul 21, 2020",44.31
"Jul 22, 2020",43.98
"Jul 23, 2020",42.96
"Jul 24, 2020",43.29
"Jul 27, 2020",43.39
"Jul 28, 2020",43.11
"Jul 29, 2020",43.51
"Jul 30, 2020",42.98
"Jul 31, 2020",43.13
"Aug 03, 2020",43.76
"Aug 04, 2020",43.99
"Aug 05, 2020",44.92
"Aug 06, 2020",45.04
"Aug 07, 2020",44.07
"Aug 10, 2020",44.19
"Aug 11, 2020",43.68
"Aug 12, 2020",45.09
"Aug 13, 2020",44.87
"Aug 14, 2020",44.86
"Aug 17, 2020",44.91
"Aug 18, 2020",45.34
"Aug 19, 2020",45.21
"Aug 20, 2020",44.56
"Aug 21, 2020",43.94
"Aug 24, 2020",44.43
"Aug 25, 2020",46.01
"Aug 26, 2020",45.79
"Aug 27, 2020",44.84
"Aug 28, 2020",45.22
"Sep 01, 2020",45.72
"Sep 02, 2020",42.7
"Sep 03, 2020",42.72
"Sep 04, 2020",41.1
"Sep 07, 2020",40.67
"Sep 08, 2020",38.53
"Sep 09, 2020",39.98
"Sep 10, 2020",39.27
"Sep 11, 2020",38.8
"Sep 14, 2020",38.57
"Sep 15, 2020",39.54
"Sep 16, 2020",41.23
"Sep 17, 2020",42.35
"Sep 18, 2020",42.16
"Sep 21, 2020",40.37
"Sep 22, 2020",40.84
"Sep 23, 2020",41.09
"Sep 24, 2020",41.24
"Sep 25, 2020",40.91
"Sep 28, 2020",41.59
"Sep 29, 2020",40.33
"Sep 30, 2020",40.3
"Oct 01, 2020",39.75
"Oct 02, 2020",38
"Oct 05, 2020",39.78
"Oct 06, 2020",41.27
"Oct 07, 2020",40.62
"Oct 08, 2020",42
"Oct 09, 2020",41.63
"Oct 12, 2020",40.5
"Oct 13, 2020",41.34
"Oct 14, 2020",41.81
"Oct 15, 2020",41.61
"Oct 16, 2020",41.34
"Oct 19, 2020",41.29
"Oct 20, 2020",41.62
"Oct 21, 2020",40.09
"Oct 22, 2020",41.28
"Oct 23, 2020",40.71
"Oct 26, 2020",39.06
"Oct 27, 2020",39.72
"Oct 28, 2020",37.86
"Oct 29, 2020",36.56
"Oct 30, 2020",36.33
"Nov 02, 2020",37.78
"Nov 03, 2020",38.17
"Nov 04, 2020",39.68
"Nov 05, 2020",39.47
"Nov 06, 2020",38.08
"Nov 09, 2020",40.93
"Nov 10, 2020",42.25
"Nov 11, 2020",42.5
"Nov 12, 2020",42.16
"Nov 13, 2020",41.51
"Nov 16, 2020",42.71
"Nov 17, 2020",42.54
"Nov 18, 2020",42.91
"Nov 19, 2020",43.09
"Nov 20, 2020",43.79
"Nov 23, 2020",45
"Nov 24, 2020",46.63
"Nov 25, 2020",47.3
"Nov 26, 2020",46.32
"Nov 27, 2020",46.88
"Nov 30, 2020",46.84
"Dec 01, 2020",47.03
"Dec 02, 2020",47.8
"Dec 03, 2020",48.37
"Dec 04, 2020",49.1
"Dec 07, 2020",48.63
"Dec 08, 2020",48.84
"Dec 09, 2020",48.81
"Dec 10, 2020",50.33
"Dec 11, 2020",50.01
"Dec 14, 2020",50.27
"Dec 15, 2020",50.77
"Dec 16, 2020",50.83
"Dec 17, 2020",51.2
"Dec 18, 2020",52.17
"Dec 21, 2020",50.61
"Dec 22, 2020",49.88
"Dec 23, 2020",51.05
"Dec 24, 2020",50.88
"Dec 28, 2020",50.88
"Dec 29, 2020",50.44
"Dec 30, 2020",50.74
"Dec 31, 2020",51.22